Id,Name,Code,City,Oceans insights code,Latitude,Longitude,Bigschedules,Created at,Updated at,Port type,Hub port,Ocean insights
4746,Aeropuerto \General Tomas de Heres\. Ciudad Bolivar,CBL,,,8.12216091156,-63.5369567871,,2017-12-31 14:34:09 +0100,2017-12-31 14:34:09 +0100,airport,false,
3784,Aix-en-Provence (BA 114) Airport,QXB,,,43.5056,5.36778,,2017-12-31 14:33:52 +0100,2017-12-31 14:33:52 +0100,airport,false,
5914,Aklavik/Freddie Carmichael Airport,LAK,,,68.223297,-135.00599,,2017-12-31 14:34:29 +0100,2017-12-31 14:34:29 +0100,airport,false,
6121,Akulivik Airport,AKV,,,60.8185997009277,-78.1485977172852,,2017-12-31 14:34:32 +0100,2017-12-31 14:34:32 +0100,airport,false,
4756,Alberto Carnevalli Airport,MRD,,,8.5820779800415,-71.1610412597656,,2017-12-31 14:34:09 +0100,2017-12-31 14:34:09 +0100,airport,false,
4738,Alejandro Velasco Astete International Airport,CUZ,,,-13.5356998444,-71.9387969971,,2017-12-31 14:34:08 +0100,2017-12-31 14:34:08 +0100,airport,false,
6601,Alferez Fap David Figueroa Fernandini Airport,HUU,,,-9.87880992889404,-76.2048034667969,,2017-12-31 14:36:30 +0100,2017-12-31 14:36:30 +0100,airport,false,
4678,Alfredo Vásquez Cobo International Airport,LET,,,-4.19355,-69.9432,,2017-12-31 14:34:08 +0100,2017-12-31 14:34:08 +0100,airport,false,
8333,Allah Valley Airport,AAV,,,6.36681985855103,124.750999450684,,2017-12-31 14:42:48 +0100,2017-12-31 14:42:48 +0100,airport,false,
6408,Alonso Valderrama Airport,CTD,,,7.98784017562866,-80.4096984863281,,2017-12-31 14:34:38 +0100,2017-12-31 14:34:38 +0100,airport,false,
4071,Amado Nervo National Airport,TPQ,,,21.4195003509521,-104.843002319336,,2017-12-31 14:33:56 +0100,2017-12-31 14:33:56 +0100,airport,false,
3472,Amborovy Airport,MJN,,,-15.6668417421,46.3512325287,,2017-12-31 14:33:47 +0100,2017-12-31 14:33:47 +0100,airport,false,
6973,Anaktuvuk Pass Airport,AKP,,,68.13359833,-151.7429962,,2017-12-31 14:36:35 +0100,2017-12-31 14:36:35 +0100,airport,false,
3471,Analalava Airport,HVA,,,-14.6296997070312,47.763801574707,,2017-12-31 14:33:47 +0100,2017-12-31 14:33:47 +0100,airport,false,
5996,Anapa Vityazevo Airport,AAQ,,,45.002101898193,37.347301483154,,2017-12-31 14:34:31 +0100,2017-12-31 14:34:31 +0100,airport,false,
3841,Andravida Air Base,PYR,,,37.9207,21.292601,,2017-12-31 14:33:53 +0100,2017-12-31 14:33:53 +0100,airport,false,
6222,Ankavandra Airport,JVA,,,-18.8050095209,45.2734673023,,2017-12-31 14:34:34 +0100,2017-12-31 14:34:34 +0100,airport,false,
3777,Annecy-Haute-Savoie-Mont Blanc Airport,NCY,,,45.9308333,6.1063889,,2017-12-31 14:33:52 +0100,2017-12-31 14:33:52 +0100,airport,false,
6221,Antsalova Airport,WAQ,,,-18.7012732424,44.6149206161,,2017-12-31 14:34:34 +0100,2017-12-31 14:34:34 +0100,airport,false,
6974,Anvik Airport,ANV,,,62.646702,-160.190994,,2017-12-31 14:36:35 +0100,2017-12-31 14:36:35 +0100,airport,false,
6989,Arctic Village Airport,ARC,,,68.1147,-145.578995,,2017-12-31 14:36:36 +0100,2017-12-31 14:36:36 +0100,airport,false,
6894,Arvaikheer Airport,AVK,,,46.250301361084,102.802001953125,,2017-12-31 14:36:34 +0100,2017-12-31 14:36:34 +0100,airport,false,
2861,Arviat Airport,YEK,,,61.0942001343,-94.0708007812,,2017-12-31 14:33:37 +0100,2017-12-31 14:33:37 +0100,airport,false,
3362,Arvidsjaur Airport,AJR,,,65.5903015136719,19.2819004058838,,2017-12-31 14:33:44 +0100,2017-12-31 14:33:44 +0100,airport,false,
5721,Asheville Regional Airport,AVL,,,35.4361991882324,-82.5418014526367,,2017-12-31 14:34:27 +0100,2017-12-31 14:34:27 +0100,airport,false,
5103,Avalon Airport,AVV,,,-38.0393981934,144.468994141,,2017-12-31 14:34:16 +0100,2017-12-31 14:34:16 +0100,airport,false,
4531,Aviador C. Campos Airport,CPC,,,-40.0754013062,-71.137298584,,2017-12-31 14:34:06 +0100,2017-12-31 14:34:06 +0100,airport,false,
3905,Aviano Air Base,AVB,,,46.031898,12.596503,,2017-12-31 14:33:54 +0100,2017-12-31 14:33:54 +0100,airport,false,
3794,Avignon-Caumont Airport,AVN,,,43.907299041748,4.90183019638062,,2017-12-31 14:33:52 +0100,2017-12-31 14:33:52 +0100,airport,false,
7768,Avon Park Executive Airport,AVO,,,27.59119987,-81.52780151,,2017-12-31 14:41:37 +0100,2017-12-31 14:41:37 +0100,airport,false,
6694,Balakovo Airport,BWO,,,51.8582992554,47.7456016541,,2017-12-31 14:36:31 +0100,2017-12-31 14:36:31 +0100,airport,false,
8338,Base de Aviação de Taubaté Airport,QHP,,,-23.0401000976562,-45.515998840332,,2017-12-31 14:42:48 +0100,2017-12-31 14:42:48 +0100,airport,false,
7654,Bauru - Arealva Airport,JTC,,,-22.1668591409,-49.0502866745,,2017-12-31 14:38:35 +0100,2017-12-31 14:38:35 +0100,airport,false,
7211,Beaver Airport,WBQ,,,66.362197876,-147.406997681,,2017-12-31 14:36:39 +0100,2017-12-31 14:36:39 +0100,airport,false,
7852,Beaver County Airport,BFP,,,40.7724990845,-80.3914031982,,2017-12-31 14:41:39 +0100,2017-12-31 14:41:39 +0100,airport,false,
8234,Beaver Creek Airport,YXQ,,,62.4103012084961,-140.867004394531,,2017-12-31 14:41:44 +0100,2017-12-31 14:41:44 +0100,airport,false,
7120,Begishevo Airport,NBC,,,55.5647010803223,52.0924987792969,,2017-12-31 14:36:38 +0100,2017-12-31 14:36:38 +0100,airport,false,
3940,Ben Ya'akov Airport,RPN,,,32.9809989929199,35.5718994140625,,2017-12-31 14:33:54 +0100,2017-12-31 14:33:54 +0100,airport,false,
7060,Benjamin Rivera Noriega Airport,CPX,,,18.313289,-65.304324,,2017-12-31 14:36:37 +0100,2017-12-31 14:36:37 +0100,airport,false,
7148,Berens River Airport,YBV,,,52.358898,-97.018303,,2017-12-31 14:36:39 +0100,2017-12-31 14:36:39 +0100,airport,false,
6946,Berezovo Airport,NBB,,,63.9210014343262,65.0305023193359,,2017-12-31 14:36:35 +0100,2017-12-31 14:36:35 +0100,airport,false,
5994,Berlevåg Airport,BVG,,,70.871398925781,29.034200668335,,2017-12-31 14:34:30 +0100,2017-12-31 14:34:30 +0100,airport,false,
7813,Beverly Municipal Airport,BVY,,,42.5842018127,-70.9164962769,,2017-12-31 14:41:38 +0100,2017-12-31 14:41:38 +0100,airport,false,
4889,Bhavnagar Airport,BHU,,,21.752199173,72.1852035522,,2017-12-31 14:34:12 +0100,2017-12-31 14:34:12 +0100,airport,false,
6765,Birdsville Airport,BVI,,,-25.8974990844727,139.348007202148,,2017-12-31 14:36:32 +0100,2017-12-31 14:36:32 +0100,airport,false,
8211,Blue River Airport,YCP,,,52.11669921875,-119.282997131348,,2017-12-31 14:41:44 +0100,2017-12-31 14:41:44 +0100,airport,false,
5954,Bogashevo Airport,TOF,,,56.380298614502,85.208297729492,,2017-12-31 14:34:30 +0100,2017-12-31 14:34:30 +0100,airport,false,
4860,Bolshoye Savino Airport,PEE,,,57.914501190186,56.021198272705,,2017-12-31 14:34:12 +0100,2017-12-31 14:34:12 +0100,airport,false,
7031,Bonaventure Airport,YVB,,,48.0710983276367,-65.4602966308594,,2017-12-31 14:36:36 +0100,2017-12-31 14:36:36 +0100,airport,false,
7294,Bonnyville Airport,YBY,,,54.304199,-110.744003,,2017-12-31 14:36:42 +0100,2017-12-31 14:36:42 +0100,airport,false,
7899,Botucatu - Tancredo de Almeida Neves Airport,QCJ,,,-22.939500808716,-48.467998504639,,2017-12-31 14:41:39 +0100,2017-12-31 14:41:39 +0100,airport,false,
3143,Bremerhaven Airport,BRV,,,53.506943,8.572778,,2017-12-31 14:33:41 +0100,2017-12-31 14:33:41 +0100,airport,false,
7341,Breves Airport,BVS,,,-1.63653004169464,-50.4435997009277,,2017-12-31 14:36:43 +0100,2017-12-31 14:36:43 +0100,airport,false,
7241,Brevig Mission Airport,KTS,,,65.3312988281,-166.466003418,,2017-12-31 14:36:40 +0100,2017-12-31 14:36:40 +0100,airport,false,
5483,Brownsville South Padre Island International Airport,BRO,,,25.9067993164062,-97.4259033203125,,2017-12-31 14:34:22 +0100,2017-12-31 14:34:22 +0100,airport,false,
8286,Brunswick Executive Airport,NHZ,,,43.89220047,-69.93859863,,2017-12-31 14:41:45 +0100,2017-12-31 14:41:45 +0100,airport,false,
3557,Bukavu Kavumu Airport,BKY,,,-2.30897998809814,28.8087997436523,,2017-12-31 14:33:48 +0100,2017-12-31 14:33:48 +0100,airport,false,
2892,Buttonville Municipal Airport,YKZ,,,43.8622016906738,-79.370002746582,,2017-12-31 14:33:37 +0100,2017-12-31 14:33:37 +0100,airport,false,
6003,Bykovo Airport,BKA,,,55.6171989441,38.0600013733,,2017-12-31 14:34:31 +0100,2017-12-31 14:34:31 +0100,airport,false,
3793,Béziers-Vias Airport,BZR,,,43.3235015869141,3.35389995574951,,2017-12-31 14:33:52 +0100,2017-12-31 14:33:52 +0100,airport,false,
2839,CFB Bagotville,YBG,,,48.3306007385254,-70.9963989257812,,2017-12-31 14:33:37 +0100,2017-12-31 14:33:37 +0100,airport,false,
6414,Cabo Velas Airport,TNO,,,10.355699539185,-85.852897644043,,2017-12-31 14:34:38 +0100,2017-12-31 14:34:38 +0100,airport,false,
3764,Calvi-Sainte-Catherine Airport,CLY,,,42.5244444,8.7930556,,2017-12-31 14:33:52 +0100,2017-12-31 14:33:52 +0100,airport,false,
2841,Campbell River Airport,YBL,,,49.9508018493652,-125.271003723145,,2017-12-31 14:33:37 +0100,2017-12-31 14:33:37 +0100,airport,false,
4717,Cap FAP David Abenzur Rengifo International Airport,PCL,,,-8.37794017791748,-74.5743026733398,,2017-12-31 14:34:08 +0100,2017-12-31 14:34:08 +0100,airport,false,
8308,Cape Canaveral AFS Skid Strip,XMR,,,28.4675998688,-80.5665969849,,2017-12-31 14:42:48 +0100,2017-12-31 14:42:48 +0100,airport,false,
4521,Capitan D Daniel Vazquez Airport,ULA,,,-49.3068,-67.8026,,2017-12-31 14:34:05 +0100,2017-12-31 14:34:05 +0100,airport,false,
4496,Capitan V A Almonacid Airport,IRJ,,,-29.3815994263,-66.7957992554,,2017-12-31 14:34:05 +0100,2017-12-31 14:34:05 +0100,airport,false,
6596,Capitán Av. German Quiroga G. Airport,SRJ,,,-14.8591995239258,-66.7375030517578,,2017-12-31 14:36:29 +0100,2017-12-31 14:36:29 +0100,airport,false,
4709,Capitán Av. Salvador Ogaya G. airport,PSZ,,,-18.9752998352,-57.8205986023,,2017-12-31 14:34:08 +0100,2017-12-31 14:34:08 +0100,airport,false,
6594,Capitán Av. Selin Zeitun Lopez Airport,RIB,,,-11.0,-66.0,,2017-12-31 14:36:29 +0100,2017-12-31 14:36:29 +0100,airport,false,
4732,Capitán FAP Renán Elías Olivera International Airport,PIO,,,-13.7448997497559,-76.2202987670898,,2017-12-31 14:34:08 +0100,2017-12-31 14:34:08 +0100,airport,false,
6592,Capitán de Av. Emilio Beltrán Airport,GYA,,,-10.820599556,-65.3455963135,,2017-12-31 14:36:29 +0100,2017-12-31 14:36:29 +0100,airport,false,
4553,Caravelas Airport,CRQ,,,-17.652299880981,-39.253101348877,,2017-12-31 14:34:06 +0100,2017-12-31 14:34:06 +0100,airport,false,
7449,Carbon County Regional/Buck Davis Field,PUC,,,39.61389923,-110.7509995,,2017-12-31 14:38:32 +0100,2017-12-31 14:38:32 +0100,airport,false,
4119,Carlos Rovirosa Pérez International Airport,VSA,,,17.9969997406006,-92.8173980712891,,2017-12-31 14:33:57 +0100,2017-12-31 14:33:57 +0100,airport,false,
6776,Carnarvon Airport,CVQ,,,-24.880211,113.67174,,2017-12-31 14:36:32 +0100,2017-12-31 14:36:32 +0100,airport,false,
7693,Cartersville Airport,VPC,,,34.1231002807617,-84.8487014770508,,2017-12-31 14:40:23 +0100,2017-12-31 14:40:23 +0100,airport,false,
4544,Cascavel Airport,CAC,,,-25.0002994537,-53.5008010864,,2017-12-31 14:34:06 +0100,2017-12-31 14:34:06 +0100,airport,false,
5349,Cavern City Air Terminal,CNM,,,32.3375015258789,-104.263000488281,,2017-12-31 14:34:20 +0100,2017-12-31 14:34:20 +0100,airport,false,
3769,Chambéry-Savoie Airport,CMF,,,45.6380996704102,5.88022994995117,,2017-12-31 14:33:52 +0100,2017-12-31 14:33:52 +0100,airport,false,
8021,Charleston Executive Airport,JZI,,,32.7009010314941,-80.0028991699219,,2017-12-31 14:41:41 +0100,2017-12-31 14:41:41 +0100,airport,false,
5095,Charleville Airport,CTL,,,-26.4132995605,146.261993408,,2017-12-31 14:34:16 +0100,2017-12-31 14:34:16 +0100,airport,false,
8224,Charlevoix Airport,YML,,,47.5974998474121,-70.2238998413086,,2017-12-31 14:41:44 +0100,2017-12-31 14:41:44 +0100,airport,false,
7626,Charlevoix Municipal Airport,CVX,,,45.3047981262207,-85.2748031616211,,2017-12-31 14:38:34 +0100,2017-12-31 14:38:34 +0100,airport,false,
5729,Charlottesville Albemarle Airport,CHO,,,38.138599395752,-78.4529037475586,,2017-12-31 14:34:27 +0100,2017-12-31 14:34:27 +0100,airport,false,
6643,Cherepovets Airport,CEE,,,59.273601532,38.0158004761,,2017-12-31 14:36:30 +0100,2017-12-31 14:36:30 +0100,airport,false,
7090,Chernihiv Shestovitsa Airport,CEJ,,,51.4021987915,31.1583003998,,2017-12-31 14:36:38 +0100,2017-12-31 14:36:38 +0100,airport,false,
6639,Chernivtsi International Airport,CWC,,,48.2593002319336,25.9808006286621,,2017-12-31 14:36:30 +0100,2017-12-31 14:36:30 +0100,airport,false,
7414,Chernobayevka Airport,KHE,,,46.6758003235,32.506401062,,2017-12-31 14:38:31 +0100,2017-12-31 14:38:31 +0100,airport,false,
6526,Chevak Airport,VAK,,,61.5409,-165.6005,,2017-12-31 14:34:40 +0100,2017-12-31 14:34:40 +0100,airport,false,
6118,Chevery Airport,YHR,,,50.4688987731934,-59.6366996765137,,2017-12-31 14:34:32 +0100,2017-12-31 14:34:32 +0100,airport,false,
4883,Chhatrapati Shivaji International Airport,BOM,,,19.0886993408,72.8678970337,,2017-12-31 14:34:12 +0100,2017-12-31 14:34:12 +0100,airport,false,
7575,Chicago Executive Airport,PWK,,,42.114222,-87.901494,,2017-12-31 14:38:34 +0100,2017-12-31 14:38:34 +0100,airport,false,
6326,Chippewa Valley Regional Airport,EAU,,,44.8657989501953,-91.4842987060547,,2017-12-31 14:34:36 +0100,2017-12-31 14:34:36 +0100,airport,false,
7550,Chkalovskiy Airport,CKL,,,55.8782997131,38.0616989136,,2017-12-31 14:38:33 +0100,2017-12-31 14:38:33 +0100,airport,false,
3799,Châlons-Vatry Air Base,XCR,,,48.7761001586914,4.18449020385742,,2017-12-31 14:33:52 +0100,2017-12-31 14:33:52 +0100,airport,false,
7840,Clarksville–Montgomery County Regional Airport,CKV,,,36.6218986511,-87.4150009155,,2017-12-31 14:41:38 +0100,2017-12-31 14:41:38 +0100,airport,false,
3770,Clermont-Ferrand Auvergne Airport,CFE,,,45.7867012024,3.1691699028,,2017-12-31 14:33:52 +0100,2017-12-31 14:33:52 +0100,airport,false,
8369,Cleve Airport,CVC,,,-33.7097015380859,136.505004882812,,2017-12-31 14:42:49 +0100,2017-12-31 14:42:49 +0100,airport,false,
5244,Cleveland Hopkins International Airport,CLE,,,41.4117012024,-81.8498001099,,2017-12-31 14:34:18 +0100,2017-12-31 14:34:18 +0100,airport,false,
5904,Clovis Municipal Airport,CVN,,,34.4250984192,-103.07900238,,2017-12-31 14:34:29 +0100,2017-12-31 14:34:29 +0100,airport,false,
2851,Clyde River Airport,YCY,,,70.4860992432,-68.5167007446,,2017-12-31 14:33:37 +0100,2017-12-31 14:33:37 +0100,airport,false,
8142,Coffeyville Municipal Airport,CFV,,,37.09400177,-95.5718994141,,2017-12-31 14:41:43 +0100,2017-12-31 14:41:43 +0100,airport,false,
6081,Colville Lake Airport,YCK,,,67.0392,-126.08,,2017-12-31 14:34:32 +0100,2017-12-31 14:34:32 +0100,airport,false,
4538,Comandante Gustavo Kraemer Airport,BGX,,,-31.39049911499,-54.112201690674,,2017-12-31 14:34:06 +0100,2017-12-31 14:34:06 +0100,airport,false,
6995,Coronel Altino Machado de Oliveira Airport,GVR,,,-18.89520072937,-41.982200622559,,2017-12-31 14:36:36 +0100,2017-12-31 14:36:36 +0100,airport,false,
4649,Coronel E Carvajal Airport,XMS,,,-2.29917001724243,-78.1207962036133,,2017-12-31 14:34:07 +0100,2017-12-31 14:34:07 +0100,airport,false,
4720,Coronel FAP Alfredo Mendivil Duarte Airport,AYP,,,-13.1548004150391,-74.2043991088867,,2017-12-31 14:34:08 +0100,2017-12-31 14:34:08 +0100,airport,false,
4729,Coronel FAP Francisco Secada Vignetta International Airport,IQT,,,-3.78473997116089,-73.3087997436523,,2017-12-31 14:34:08 +0100,2017-12-31 14:34:08 +0100,airport,false,
7149,Corpus Christi Naval Air Station/Truax Field,NGP,,,27.69260025,-97.29109955,,2017-12-31 14:36:39 +0100,2017-12-31 14:36:39 +0100,airport,false,
8001,Corvallis Municipal Airport,CVO,,,44.49720001,-123.2900009,,2017-12-31 14:41:41 +0100,2017-12-31 14:41:41 +0100,airport,false,
6381,Corvo Airport,CVU,,,39.671501159668,-31.1135997772217,,2017-12-31 14:34:38 +0100,2017-12-31 14:34:38 +0100,airport,false,
6964,Courchevel Airport,CVF,,,45.3967018127441,6.63471984863281,,2017-12-31 14:36:35 +0100,2017-12-31 14:36:35 +0100,airport,false,
3188,Coventry Airport,CVT,,,52.3697013855,-1.47971999645,,2017-12-31 14:33:42 +0100,2017-12-31 14:33:42 +0100,airport,false,
8346,Coveñas Airport,CVE,,,9.40092,-75.6913,,2017-12-31 14:42:48 +0100,2017-12-31 14:42:48 +0100,airport,false,
6460,Craig Cove Airport,CCV,,,-16.2649993896484,167.92399597168,,2017-12-31 14:34:39 +0100,2017-12-31 14:34:39 +0100,airport,false,
3972,Craiova Airport,CRA,,,44.3180999755859,23.888599395752,,2017-12-31 14:33:54 +0100,2017-12-31 14:33:54 +0100,airport,false,
8269,Crossville Memorial Whitson Field,CSV,,,35.9513015747,-85.0849990845,,2017-12-31 14:41:45 +0100,2017-12-31 14:41:45 +0100,airport,false,
7944,Crystal River Airport,CGC,,,28.8673000335693,-82.5712966918945,,2017-12-31 14:41:40 +0100,2017-12-31 14:41:40 +0100,airport,false,
8310,Cuatro Vientos Airport,ECV,,,40.3707008362,-3.78514003754,,2017-12-31 14:42:48 +0100,2017-12-31 14:42:48 +0100,airport,false,
7631,Dallas Executive Airport,RBD,,,32.6809005737,-96.8682022095,,2017-12-31 14:38:35 +0100,2017-12-31 14:38:35 +0100,airport,false,
5259,Dallas Love Field,DAL,,,32.8470993041992,-96.8517990112305,,2017-12-31 14:34:18 +0100,2017-12-31 14:34:18 +0100,airport,false,
8022,Danville Regional Airport,DAN,,,36.5728988647461,-79.3360977172852,,2017-12-31 14:41:41 +0100,2017-12-31 14:41:41 +0100,airport,false,
8249,Daugavpils Intrenational Airport,DGP,,,55.9447212219,26.6650009155,,2017-12-31 14:41:44 +0100,2017-12-31 14:41:44 +0100,airport,false,
5774,David Wayne Hooks Memorial Airport,DWH,,,30.0618000031,-95.5528030396,,2017-12-31 14:34:27 +0100,2017-12-31 14:34:27 +0100,airport,false,
5288,Davis Field,MKO,,,35.65650177,-95.36669922,,2017-12-31 14:34:19 +0100,2017-12-31 14:34:19 +0100,airport,false,
5315,Davis Monthan Air Force Base,DMA,,,32.1665000916,-110.883003235,,2017-12-31 14:34:19 +0100,2017-12-31 14:34:19 +0100,airport,false,
8270,Davison Army Air Field,DAA,,,38.7150001526,-77.1809997559,,2017-12-31 14:41:45 +0100,2017-12-31 14:41:45 +0100,airport,false,
3817,Deauville-Saint-Gatien Airport,DOL,,,49.3652992249,0.154305994511,,2017-12-31 14:33:52 +0100,2017-12-31 14:33:52 +0100,airport,false,
5495,Denver International Airport,DEN,,,39.861698150635,-104.672996521,,2017-12-31 14:34:22 +0100,2017-12-31 14:34:22 +0100,airport,false,
7413,Destin Executive Airport,DTS,,,30.40010071,-86.47149658,,2017-12-31 14:38:31 +0100,2017-12-31 14:38:31 +0100,airport,false,
4892,Devi Ahilyabai Holkar Airport,IDR,,,22.7217998505,75.8011016846,,2017-12-31 14:34:12 +0100,2017-12-31 14:34:12 +0100,airport,false,
7169,Devils Lake Regional Airport,DVL,,,48.11420059,-98.90879822,,2017-12-31 14:36:39 +0100,2017-12-31 14:36:39 +0100,airport,false,
6789,Devonport Airport,DPO,,,-41.1697006226,146.429992676,,2017-12-31 14:36:33 +0100,2017-12-31 14:36:33 +0100,airport,false,
8175,Dharavandhoo Airport,DRV,,,5.1561,73.1302,,2017-12-31 14:41:43 +0100,2017-12-31 14:41:43 +0100,airport,false,
7170,Dickinson Theodore Roosevelt Regional Airport,DIK,,,46.7974014282,-102.802001953,,2017-12-31 14:36:39 +0100,2017-12-31 14:36:39 +0100,airport,false,
4833,Dnipropetrovsk International Airport,DNK,,,48.3572006225586,35.1006011962891,,2017-12-31 14:34:11 +0100,2017-12-31 14:34:11 +0100,airport,false,
5414,Dobbins Air Reserve Base,MGE,,,33.91540146,-84.51629639,,2017-12-31 14:34:21 +0100,2017-12-31 14:34:21 +0100,airport,false,
3756,Dole-Tavaux Airport,DLE,,,47.042686,5.435061,,2017-12-31 14:33:52 +0100,2017-12-31 14:33:52 +0100,airport,false,
5743,Domodedovo International Airport,DME,,,55.4087982177734,37.9062995910645,,2017-12-31 14:34:27 +0100,2017-12-31 14:34:27 +0100,airport,false,
3140,Donaueschingen-Villingen Airport,ZQL,,,47.9733314514,8.52222156525,,2017-12-31 14:33:41 +0100,2017-12-31 14:33:41 +0100,airport,false,
5245,Dover Air Force Base,DOV,,,39.12950134,-75.46600342,,2017-12-31 14:34:18 +0100,2017-12-31 14:34:18 +0100,airport,false,
3002,Downsview Airport,YZD,,,43.7425003051758,-79.4655990600586,,2017-12-31 14:33:39 +0100,2017-12-31 14:33:39 +0100,airport,false,
3694,Dubrovnik Airport,DBV,,,42.5614013671875,18.2681999206543,,2017-12-31 14:33:51 +0100,2017-12-31 14:33:51 +0100,airport,false,
3224,Durham Tees Valley Airport,MME,,,54.5092010498047,-1.42940998077393,,2017-12-31 14:33:42 +0100,2017-12-31 14:33:42 +0100,airport,false,
7145,Eagle River Union Airport,EGV,,,45.9323005676,-89.2683029175,,2017-12-31 14:36:38 +0100,2017-12-31 14:36:38 +0100,airport,false,
7369,Eastern WV Regional Airport/Shepherd Field,MRB,,,39.40190125,-77.98459625,,2017-12-31 14:38:31 +0100,2017-12-31 14:38:31 +0100,airport,false,
6153,Eastmain River Airport,ZEM,,,52.2263984680176,-78.5224990844727,,2017-12-31 14:34:33 +0100,2017-12-31 14:34:33 +0100,airport,false,
3261,Eindhoven Airport,EIN,,,51.4500999451,5.37452983856,,2017-12-31 14:33:43 +0100,2017-12-31 14:33:43 +0100,airport,true,
4142,El Salvador International Airport,SAL,,,13.4409,-89.055702,,2017-12-31 14:33:58 +0100,2017-12-31 14:33:58 +0100,airport,false,
5668,Eleftherios Venizelos International Airport,ATH,,,37.9364013672,23.9444999695,,2017-12-31 14:34:25 +0100,2017-12-31 14:34:25 +0100,airport,false,
7222,Elfin Cove Seaplane Base,ELV,,,58.1952018738,-136.347000122,,2017-12-31 14:36:40 +0100,2017-12-31 14:36:40 +0100,airport,false,
8060,Emporia Greensville Regional Airport,EMV,,,36.6869010925293,-77.4828033447266,,2017-12-31 14:41:42 +0100,2017-12-31 14:41:42 +0100,airport,false,
5204,Ernest A. Love Field,PRC,,,34.65449905,-112.4199982,,2017-12-31 14:34:18 +0100,2017-12-31 14:34:18 +0100,airport,false,
2862,Estevan Airport,YEN,,,49.2103004456,-102.966003418,,2017-12-31 14:33:37 +0100,2017-12-31 14:33:37 +0100,airport,false,
7991,Evanston-Uinta County Airport-Burns Field,EVW,,,41.27479935,-111.0350037,,2017-12-31 14:41:41 +0100,2017-12-31 14:41:41 +0100,airport,false,
5732,Evansville Regional Airport,EVV,,,38.0369987488,-87.5324020386,,2017-12-31 14:34:27 +0100,2017-12-31 14:34:27 +0100,airport,false,
4796,F. D. Roosevelt Airport,EUX,,,17.4965000152588,-62.9794006347656,,2017-12-31 14:34:10 +0100,2017-12-31 14:34:10 +0100,airport,false,
4201,Fakarava Airport,FAV,,,-16.0541000366211,-145.656997680664,,2017-12-31 14:34:00 +0100,2017-12-31 14:34:00 +0100,airport,false,
6329,Fayetteville Regional Grannis Field,FAY,,,34.9911994934082,-78.8803024291992,,2017-12-31 14:34:36 +0100,2017-12-31 14:34:36 +0100,airport,false,
5928,Fort Collins Loveland Municipal Airport,FNL,,,40.4518013,-105.011001587,,2017-12-31 14:34:29 +0100,2017-12-31 14:34:29 +0100,airport,false,
5222,Fort Lauderdale Executive Airport,FXE,,,26.1972999573,-80.1707000732,,2017-12-31 14:34:18 +0100,2017-12-31 14:34:18 +0100,airport,false,
6104,Fort Severn Airport,YER,,,56.0189018249512,-87.6761016845703,,2017-12-31 14:34:32 +0100,2017-12-31 14:34:32 +0100,airport,false,
7935,Fortescue - Dave Forrest Aerodrome,KFE,,,-22.290754,119.437143,,2017-12-31 14:41:40 +0100,2017-12-31 14:41:40 +0100,airport,false,
7519,French Valley Airport,RBK,,,33.5741996765,-117.127998352,,2017-12-31 14:38:33 +0100,2017-12-31 14:38:33 +0100,airport,false,
3572,Fuerteventura Airport,FUE,,,28.4526996612549,-13.8638000488281,,2017-12-31 14:33:49 +0100,2017-12-31 14:33:49 +0100,airport,false,
5230,Gainesville Regional Airport,GNV,,,29.6900997162,-82.2717971802,,2017-12-31 14:34:18 +0100,2017-12-31 14:34:18 +0100,airport,false,
4114,General Francisco Javier Mina International Airport,TAM,,,22.2964000702,-97.8658981323,,2017-12-31 14:33:57 +0100,2017-12-31 14:33:57 +0100,airport,false,
4070,General Guadalupe Victoria International Airport,DGO,,,24.1242008209,-104.527999878,,2017-12-31 14:33:56 +0100,2017-12-31 14:33:56 +0100,airport,false,
4056,General Juan N Alvarez International Airport,ACA,,,16.7570991516113,-99.7539978027344,,2017-12-31 14:33:56 +0100,2017-12-31 14:33:56 +0100,airport,false,
6583,General Rivadeneira Airport,ESM,,,0.978519022464752,-79.6266021728516,,2017-12-31 14:36:29 +0100,2017-12-31 14:36:29 +0100,airport,false,
4067,General Roberto Fierro Villalobos International Airport,CUU,,,28.7028999329,-105.964996338,,2017-12-31 14:33:56 +0100,2017-12-31 14:33:56 +0100,airport,false,
4085,General Servando Canales International Airport,MAM,,,25.7698993683,-97.5252990723,,2017-12-31 14:33:56 +0100,2017-12-31 14:33:56 +0100,airport,false,
3982,Geneva Cointrin International Airport,GVA,,,46.2380981445312,6.10895013809204,,2017-12-31 14:33:55 +0100,2017-12-31 14:33:55 +0100,airport,false,
2879,Gjoa Haven Airport,YHK,,,68.635597229,-95.8497009277,,2017-12-31 14:33:37 +0100,2017-12-31 14:33:37 +0100,airport,false,
6155,Gods River Airport,ZGI,,,54.8396987915039,-94.0785980224609,,2017-12-31 14:34:33 +0100,2017-12-31 14:34:33 +0100,airport,false,
7243,Golovin Airport,GLV,,,64.5504989624,-163.007003784,,2017-12-31 14:36:40 +0100,2017-12-31 14:36:40 +0100,airport,false,
3687,Gorna Oryahovitsa Airport,GOZ,,,43.1514015197754,25.7129001617432,,2017-12-31 14:33:51 +0100,2017-12-31 14:33:51 +0100,airport,false,
3335,Gothenburg-Landvetter Airport,GOT,,,57.662799835205,12.279800415039,,2017-12-31 14:33:44 +0100,2017-12-31 14:33:44 +0100,airport,false,
6841,Gove Airport,GOV,,,-12.2693996429,136.817993164,,2017-12-31 14:36:33 +0100,2017-12-31 14:36:33 +0100,airport,false,
4589,Governador Aluízio Alves International Airport,NAT,,,-5.768056,-35.376111,,2017-12-31 14:34:06 +0100,2017-12-31 14:34:06 +0100,airport,false,
4597,Governador Jorge Teixeira de Oliveira Airport,PVH,,,-8.70928955078125,-63.9023017883301,,2017-12-31 14:34:07 +0100,2017-12-31 14:34:07 +0100,airport,false,
4577,Governador José Richa Airport,LDB,,,-23.3335990906,-51.1301002502,,2017-12-31 14:34:06 +0100,2017-12-31 14:34:06 +0100,airport,false,
4175,Governor's Harbour Airport,GHB,,,25.2847003937,-76.3310012817,,2017-12-31 14:33:59 +0100,2017-12-31 14:33:59 +0100,airport,false,
7760,Grabtsevo Airport,KLF,,,54.5499992371,36.3666687012,,2017-12-31 14:41:37 +0100,2017-12-31 14:41:37 +0100,airport,false,
3816,Granville Airport,GFR,,,48.8830986022949,-1.56417000293732,,2017-12-31 14:33:52 +0100,2017-12-31 14:33:52 +0100,airport,false,
7113,Greenbrier Valley Airport,LWB,,,37.8582992554,-80.3994979858,,2017-12-31 14:36:38 +0100,2017-12-31 14:36:38 +0100,airport,false,
8113,Greenville Downtown Airport,GMU,,,34.8479003906,-82.3499984741,,2017-12-31 14:41:43 +0100,2017-12-31 14:41:43 +0100,airport,false,
5747,Greenville Spartanburg International Airport,GSP,,,34.8956985474,-82.2189025879,,2017-12-31 14:34:27 +0100,2017-12-31 14:34:27 +0100,airport,false,
5611,Grissom Air Reserve Base,GUS,,,40.6481018066,-86.1520996094,,2017-12-31 14:34:24 +0100,2017-12-31 14:34:24 +0100,airport,false,
8076,Grove Municipal Airport,GMJ,,,36.60680008,-94.73860168,,2017-12-31 14:41:42 +0100,2017-12-31 14:41:42 +0100,airport,false,
4565,Guarulhos - Governador André Franco Montoro International Airport,GRU,,,-23.4355564117432,-46.4730567932129,,2017-12-31 14:34:06 +0100,2017-12-31 14:34:06 +0100,airport,false,
4689,Guillermo León Valencia Airport,PPN,,,2.4544,-76.6093,,2017-12-31 14:34:08 +0100,2017-12-31 14:34:08 +0100,airport,false,
4673,Gustavo Artunduaga Paredes Airport,FLA,,,1.58919,-75.5644,,2017-12-31 14:34:08 +0100,2017-12-31 14:34:08 +0100,airport,false,
4145,Gustavo Rizo Airport,BCA,,,20.3652992248535,-74.5062026977539,,2017-12-31 14:33:58 +0100,2017-12-31 14:33:58 +0100,airport,false,
4696,Gustavo Rojas Pinilla International Airport,ADZ,,,12.5836,-81.7112,,2017-12-31 14:34:08 +0100,2017-12-31 14:34:08 +0100,airport,false,
4698,Gustavo Vargas Airport,TME,,,6.45108,-71.7603,,2017-12-31 14:34:08 +0100,2017-12-31 14:34:08 +0100,airport,false,
6518,Gustavus Airport,GST,,,58.4253006,-135.7070007,,2017-12-31 14:34:40 +0100,2017-12-31 14:34:40 +0100,airport,false,
3352,Gällivare Airport,GEV,,,67.1324005126953,20.8145999908447,,2017-12-31 14:33:44 +0100,2017-12-31 14:33:44 +0100,airport,false,
3370,Gävle Sandviken Airport,GVX,,,60.5932998657227,16.9514007568359,,2017-12-31 14:33:44 +0100,2017-12-31 14:33:44 +0100,airport,false,
8194,Hakkari Yüksekova Airport,YKO,,,37.5497,44.2381,,2017-12-31 14:41:44 +0100,2017-12-31 14:41:44 +0100,airport,false,
3115,Hannover Airport,HAJ,,,52.461101532,9.68507957458,,2017-12-31 14:33:41 +0100,2017-12-31 14:33:41 +0100,airport,false,
7707,Harry Clever Field,PHD,,,40.470901489258,-81.419700622559,,2017-12-31 14:40:23 +0100,2017-12-31 14:40:23 +0100,airport,false,
8080,Hartsville Regional Airport,HVS,,,34.4030990601,-80.1192016602,,2017-12-31 14:41:42 +0100,2017-12-31 14:41:42 +0100,airport,false,
3307,Hasvik Airport,HAA,,,70.486701965332,22.139699935913,,2017-12-31 14:33:43 +0100,2017-12-31 14:33:43 +0100,airport,false,
5356,Havre City County Airport,HVR,,,48.54299927,-109.762001,,2017-12-31 14:34:20 +0100,2017-12-31 14:34:20 +0100,airport,false,
7284,Havre St Pierre Airport,YGV,,,50.2818984985352,-63.611400604248,,2017-12-31 14:36:41 +0100,2017-12-31 14:36:41 +0100,airport,false,
2882,Hay River / Merlyn Carter Airport,YHY,,,60.8396987915,-115.782997131,,2017-12-31 14:33:37 +0100,2017-12-31 14:33:37 +0100,airport,false,
7909,Hayward Executive Airport,HWD,,,37.659198761,-122.122001648,,2017-12-31 14:41:39 +0100,2017-12-31 14:41:39 +0100,airport,false,
7277,Healy River Airport,HKB,,,63.8661994934082,-148.968994140625,,2017-12-31 14:36:41 +0100,2017-12-31 14:36:41 +0100,airport,false,
3158,Helsinki Vantaa Airport,HEL,,,60.317199707031,24.963300704956,,2017-12-31 14:33:41 +0100,2017-12-31 14:33:41 +0100,airport,false,
6207,Hemavan Airport,HMV,,,65.8060989379883,15.082799911499,,2017-12-31 14:34:33 +0100,2017-12-31 14:34:33 +0100,airport,false,
7592,Henderson Executive Airport,HSH,,,35.9728012085,-115.134002686,,2017-12-31 14:38:34 +0100,2017-12-31 14:38:34 +0100,airport,false,
3405,Hendrik Van Eck Airport,PHW,,,-23.9372005463,31.1553993225,,2017-12-31 14:33:45 +0100,2017-12-31 14:33:45 +0100,airport,false,
5763,Hervey Bay Airport,HVB,,,-25.3188991547,152.880004883,,2017-12-31 14:34:27 +0100,2017-12-31 14:34:27 +0100,airport,false,
4816,Heydar Aliyev International Airport,GYD,,,40.4674987792969,50.0466995239258,,2017-12-31 14:34:11 +0100,2017-12-31 14:34:11 +0100,airport,false,
2909,High Level Airport,YOJ,,,58.6213989257812,-117.165000915527,,2017-12-31 14:33:38 +0100,2017-12-31 14:33:38 +0100,airport,false,
6453,Hiva Oa-Atuona Airport,AUQ,,,-9.76879024506,-139.011001587,,2017-12-31 14:34:39 +0100,2017-12-31 14:34:39 +0100,airport,false,
3353,Hudiksvall Airport,HUV,,,61.7681007385,17.0806999207,,2017-12-31 14:33:44 +0100,2017-12-31 14:33:44 +0100,airport,false,
5815,Huntsville International Carl T Jones Field,HSV,,,34.637199401855,-86.775100708008,,2017-12-31 14:34:28 +0100,2017-12-31 14:34:28 +0100,airport,false,
8304,Huntsville Regional Airport,HTV,,,30.7469005585,-95.5871963501,,2017-12-31 14:42:48 +0100,2017-12-31 14:42:48 +0100,airport,false,
3159,Hyvinkää Airfield,HYV,,,60.6543998718,24.8810997009,,2017-12-31 14:33:41 +0100,2017-12-31 14:33:41 +0100,airport,false,
4529,Héroes De Malvinas Airport,TDL,,,-37.2374000549,-59.2279014587,,2017-12-31 14:34:06 +0100,2017-12-31 14:34:06 +0100,airport,false,
2825,Húsavík Airport,HZK,,,65.952301,-17.426001,,2017-12-31 14:33:36 +0100,2017-12-31 14:33:36 +0100,airport,false,
4819,Ignatyevo Airport,BQS,,,50.4253997802734,127.412002563477,,2017-12-31 14:34:11 +0100,2017-12-31 14:34:11 +0100,airport,false,
3897,Il Caravaggio International Airport,BGY,,,45.673901,9.70417,,2017-12-31 14:33:53 +0100,2017-12-31 14:33:53 +0100,airport,false,
7763,Illinois Valley Regional Airport-Walter A Duncan Field,VYS,,,41.351898,-89.153099,,2017-12-31 14:41:37 +0100,2017-12-31 14:41:37 +0100,airport,false,
4489,Ingeniero Ambrosio Taravella Airport,COR,,,-31.323600769,-64.2080001831,,2017-12-31 14:34:05 +0100,2017-12-31 14:34:05 +0100,airport,false,
4099,Ingeniero Juan Guillermo Villasana Airport,PCA,,,20.0774002075195,-98.7825012207031,,2017-12-31 14:33:57 +0100,2017-12-31 14:33:57 +0100,airport,false,
2865,Inuvik Mike Zubko Airport,YEV,,,68.3041992188,-133.483001709,,2017-12-31 14:33:37 +0100,2017-12-31 14:33:37 +0100,airport,false,
4245,Invercargill Airport,IVC,,,-46.4123992919922,168.313003540039,,2017-12-31 14:34:01 +0100,2017-12-31 14:34:01 +0100,airport,false,
7928,Inverell Airport,IVR,,,-29.888299942,151.143997192,,2017-12-31 14:41:40 +0100,2017-12-31 14:41:40 +0100,airport,false,
3230,Inverness Airport,INV,,,57.5424995422363,-4.0475001335144,,2017-12-31 14:33:42 +0100,2017-12-31 14:33:42 +0100,airport,false,
4486,Islas Malvinas Airport,ROS,,,-32.9036,-60.785,,2017-12-31 14:34:05 +0100,2017-12-31 14:34:05 +0100,airport,false,
3160,Ivalo Airport,IVL,,,68.607299804688,27.405300140381,,2017-12-31 14:33:41 +0100,2017-12-31 14:33:41 +0100,airport,false,
6638,Ivano-Frankivsk International Airport,IFO,,,48.8842010498047,24.6861000061035,,2017-12-31 14:36:30 +0100,2017-12-31 14:36:30 +0100,airport,false,
6018,Ivanovo South Airport,IWA,,,56.9393997192383,40.9407997131348,,2017-12-31 14:34:31 +0100,2017-12-31 14:34:31 +0100,airport,false,
3461,Ivato Airport,TNR,,,-18.7968997955,47.4788017273,,2017-12-31 14:33:47 +0100,2017-12-31 14:33:47 +0100,airport,false,
6119,Ivujivik Airport,YIK,,,62.4173011779785,-77.9253005981445,,2017-12-31 14:34:32 +0100,2017-12-31 14:34:32 +0100,airport,false,
6668,Izhevsk Airport,IJK,,,56.8280982971191,53.4575004577637,,2017-12-31 14:36:31 +0100,2017-12-31 14:36:31 +0100,airport,false,
5333,Jackson-Medgar Wiley Evers International Airport,JAN,,,32.3111991882,-90.0758972168,,2017-12-31 14:34:19 +0100,2017-12-31 14:34:19 +0100,airport,false,
8268,Jacksonville Executive at Craig Airport,CRG,,,30.3362998962,-81.5143966675,,2017-12-31 14:41:45 +0100,2017-12-31 14:41:45 +0100,airport,false,
5458,Jacksonville International Airport,JAX,,,30.4941005706787,-81.6878967285156,,2017-12-31 14:34:21 +0100,2017-12-31 14:34:21 +0100,airport,false,
7959,Johnson County Executive Airport,OJC,,,38.84759903,-94.73760223,,2017-12-31 14:41:40 +0100,2017-12-31 14:41:40 +0100,airport,false,
4723,Jorge Chávez International Airport,LIM,,,-12.0219,-77.114304,,2017-12-31 14:34:08 +0100,2017-12-31 14:34:08 +0100,airport,false,
4692,Jose Maria Córdova International Airport,MDE,,,6.16454,-75.4231,,2017-12-31 14:34:08 +0100,2017-12-31 14:34:08 +0100,airport,false,
5931,Joslin Field Magic Valley Regional Airport,TWF,,,42.48180008,-114.487999,,2017-12-31 14:34:30 +0100,2017-12-31 14:34:30 +0100,airport,false,
4048,Juan Manuel Galvez International Airport,RTB,,,16.316799,-86.523003,,2017-12-31 14:33:56 +0100,2017-12-31 14:33:56 +0100,airport,false,
8351,Juan Simons Vela Airport,RIJ,,,-6.06786012649536,-77.1600036621094,,2017-12-31 14:42:48 +0100,2017-12-31 14:42:48 +0100,airport,false,
3162,Jyvaskyla Airport,JYV,,,62.399501800537,25.678300857544,,2017-12-31 14:33:41 +0100,2017-12-31 14:33:41 +0100,airport,false,
6127,Kangiqsualujjuaq (Georges River) Airport,XGR,,,58.7113990783691,-65.9927978515625,,2017-12-31 14:34:32 +0100,2017-12-31 14:34:32 +0100,airport,false,
3930,Karlovy Vary International Airport,KLV,,,50.2029991149902,12.914999961853,,2017-12-31 14:33:54 +0100,2017-12-31 14:33:54 +0100,airport,false,
3163,Kauhava Airport,KAU,,,63.127102,23.051399,,2017-12-31 14:33:42 +0100,2017-12-31 14:33:42 +0100,airport,false,
6050,Kavieng Airport,KVG,,,-2.57940006256,150.807998657,,2017-12-31 14:34:31 +0100,2017-12-31 14:34:31 +0100,airport,false,
2827,Keflavik International Airport,KEF,,,63.985000610352,-22.605600357056,,2017-12-31 14:33:36 +0100,2017-12-31 14:33:36 +0100,airport,false,
4847,Kemerovo Airport,KEJ,,,55.2700996398926,86.1072006225586,,2017-12-31 14:34:11 +0100,2017-12-31 14:34:11 +0100,airport,false,
5609,Kendall-Tamiami Executive Airport,TMB,,,25.6478996277,-80.432800293,,2017-12-31 14:34:24 +0100,2017-12-31 14:34:24 +0100,airport,false,
7136,Kerrville Municipal Louis Schreiner Field,ERV,,,29.9766998291,-99.0857009888,,2017-12-31 14:36:38 +0100,2017-12-31 14:36:38 +0100,airport,false,
4820,Khabarovsk-Novy Airport,KHV,,,48.52799987793,135.18800354004,,2017-12-31 14:34:11 +0100,2017-12-31 14:34:11 +0100,airport,false,
6637,Kharkiv International Airport,HRK,,,49.9248008728027,36.2900009155273,,2017-12-31 14:36:30 +0100,2017-12-31 14:36:30 +0100,airport,false,
6898,Khovd Airport,HVD,,,47.9541015625,91.6281967163086,,2017-12-31 14:36:34 +0100,2017-12-31 14:36:34 +0100,airport,false,
4842,Khrabrovo Airport,KGD,,,54.8899993896484,20.5925998687744,,2017-12-31 14:34:11 +0100,2017-12-31 14:34:11 +0100,airport,false,
7604,Khwai River Lodge Airport,KHW,,,-19.1499996185303,23.7830009460449,,2017-12-31 14:38:34 +0100,2017-12-31 14:38:34 +0100,airport,false,
4835,Kiev Zhuliany International Airport,IEV,,,50.40194,30.45194,,2017-12-31 14:34:11 +0100,2017-12-31 14:34:11 +0100,airport,false,
7022,King Cove Airport,KVC,,,55.1162986755371,-162.266006469727,,2017-12-31 14:36:36 +0100,2017-12-31 14:36:36 +0100,airport,false,
6335,Kirksville Regional Airport,IRK,,,40.0934982299805,-92.5448989868164,,2017-12-31 14:34:36 +0100,2017-12-31 14:34:36 +0100,airport,false,
7547,Kirovograd Airport,KGO,,,48.5428009033203,32.2849998474121,,2017-12-31 14:38:33 +0100,2017-12-31 14:38:33 +0100,airport,false,
6994,Kirovsk-Apatity Airport,KVK,,,67.4633026123047,33.5882987976074,,2017-12-31 14:36:36 +0100,2017-12-31 14:36:36 +0100,airport,false,
6980,Kivalina Airport,KVL,,,67.736198425293,-164.563003540039,,2017-12-31 14:36:35 +0100,2017-12-31 14:36:35 +0100,airport,false,
7697,Knoxville Downtown Island Airport,DKX,,,35.9639015197754,-83.8739013671875,,2017-12-31 14:40:23 +0100,2017-12-31 14:40:23 +0100,airport,false,
4862,Koltsovo Airport,SVX,,,56.743099212646,60.802700042725,,2017-12-31 14:34:12 +0100,2017-12-31 14:34:12 +0100,airport,false,
4849,Krasnodar Pashkovsky International Airport,KRR,,,45.034698486328,39.170501708984,,2017-12-31 14:34:11 +0100,2017-12-31 14:34:11 +0100,airport,false,
3308,Kristiansund Airport (Kvernberget),KSU,,,63.111801147461,7.824520111084,,2017-12-31 14:33:43 +0100,2017-12-31 14:33:43 +0100,airport,false,
6636,Kryvyi Rih International Airport,KWG,,,48.0433006286621,33.2099990844727,,2017-12-31 14:36:30 +0100,2017-12-31 14:36:30 +0100,airport,false,
6446,Kuini Lavenia Airport,NTT,,,-15.9773376519,-173.791029453,,2017-12-31 14:34:39 +0100,2017-12-31 14:34:39 +0100,airport,false,
2872,La Grande Rivière Airport,YGL,,,53.625301361084,-77.7042007446289,,2017-12-31 14:33:37 +0100,2017-12-31 14:33:37 +0100,airport,false,
6809,Lake Evella Airport,LEL,,,-12.4989004135132,135.805999755859,,2017-12-31 14:36:33 +0100,2017-12-31 14:36:33 +0100,airport,false,
7451,Lake Havasu City Airport,HII,,,34.571098,-114.358002,,2017-12-31 14:38:32 +0100,2017-12-31 14:38:32 +0100,airport,false,
5906,Las Vegas Municipal Airport,LVS,,,35.6542015076,-105.141998291,,2017-12-31 14:34:29 +0100,2017-12-31 14:34:29 +0100,airport,false,
8384,Latrobe Valley Airport,TGN,,,-38.207199,146.470001,,2017-12-31 14:42:49 +0100,2017-12-31 14:42:49 +0100,airport,false,
3803,Laval-Entrammes Airport,LVA,,,48.0313987731934,-0.742986023426056,,2017-12-31 14:33:52 +0100,2017-12-31 14:33:52 +0100,airport,false,
6816,Laverton Airport,LVO,,,-28.6135997772217,122.424003601074,,2017-12-31 14:36:33 +0100,2017-12-31 14:36:33 +0100,airport,false,
3797,Le Havre Octeville Airport,LEH,,,49.5339012145996,0.0880559980869293,,2017-12-31 14:33:52 +0100,2017-12-31 14:33:52 +0100,airport,false,
7870,Leesburg Executive Airport,JYO,,,39.0779991149902,-77.557502746582,,2017-12-31 14:41:39 +0100,2017-12-31 14:41:39 +0100,airport,false,
5998,Lehigh Valley International Airport,ABE,,,40.652099609375,-75.440803527832,,2017-12-31 14:34:31 +0100,2017-12-31 14:34:31 +0100,airport,false,
5272,Lemoore Naval Air Station (Reeves Field) Airport,NLC,,,36.33300018,-119.9520035,,2017-12-31 14:34:19 +0100,2017-12-31 14:34:19 +0100,airport,false,
3919,Leonardo da Vinci–Fiumicino Airport,FCO,,,41.8002778,12.2388889,,2017-12-31 14:33:54 +0100,2017-12-31 14:33:54 +0100,airport,false,
5799,Levuka Airfield,LEV,,,-17.7110996246,178.759002686,,2017-12-31 14:34:28 +0100,2017-12-31 14:34:28 +0100,airport,false,
7559,Lewis University Airport,LOT,,,41.6072998,-88.09619904,,2017-12-31 14:38:33 +0100,2017-12-31 14:38:33 +0100,airport,false,
3510,Libreville Leon M'ba International Airport,LBV,,,0.458600014448,9.4122800827,,2017-12-31 14:33:47 +0100,2017-12-31 14:33:47 +0100,airport,false,
4103,Licenciado Gustavo Díaz Ordaz International Airport,PVR,,,20.6800994873047,-105.253997802734,,2017-12-31 14:33:57 +0100,2017-12-31 14:33:57 +0100,airport,false,
3337,Lidköping-Hovby Airport,LDK,,,58.46549987793,13.17440032959,,2017-12-31 14:33:44 +0100,2017-12-31 14:33:44 +0100,airport,false,
6216,Limpopo Valley Airport,TLD,,,-22.1891994476,29.1268997192,,2017-12-31 14:34:34 +0100,2017-12-31 14:34:34 +0100,airport,false,
7476,Livermore Municipal Airport,LVK,,,37.6934013367,-121.819999695,,2017-12-31 14:38:32 +0100,2017-12-31 14:38:32 +0100,airport,false,
3197,Liverpool John Lennon Airport,LPL,,,53.3335990905762,-2.8497200012207,,2017-12-31 14:33:42 +0100,2017-12-31 14:33:42 +0100,airport,false,
3450,Livingstone Airport,LVI,,,-17.8218002319336,25.8227005004883,,2017-12-31 14:33:46 +0100,2017-12-31 14:33:46 +0100,airport,false,
6811,Lockhart River Airport,IRG,,,-12.7869,143.304993,,2017-12-31 14:36:33 +0100,2017-12-31 14:36:33 +0100,airport,false,
5369,Lone Star Executive Airport,CXO,,,30.3518009186,-95.4144973755,,2017-12-31 14:34:20 +0100,2017-12-31 14:34:20 +0100,airport,false,
5728,Louisville International Standiford Field,SDF,,,38.1744,-85.736,,2017-12-31 14:34:27 +0100,2017-12-31 14:34:27 +0100,airport,false,
5331,Lovell Field,CHA,,,35.0353012084961,-85.2037963867188,,2017-12-31 14:34:19 +0100,2017-12-31 14:34:19 +0100,airport,false,
4836,Lviv International Airport,LWO,,,49.8125,23.9561004638672,,2017-12-31 14:34:11 +0100,2017-12-31 14:34:11 +0100,airport,false,
3511,M'Vengue El Hadj Omar Bongo Ondimba International Airport,MVB,,,-1.65615999698639,13.4379997253418,,2017-12-31 14:33:47 +0100,2017-12-31 14:33:47 +0100,airport,false,
6107,Makkovik Airport,YMN,,,55.0769004821777,-59.1864013671875,,2017-12-31 14:34:32 +0100,2017-12-31 14:34:32 +0100,airport,false,
4520,Malvinas Argentinas Airport,USH,,,-54.8433,-68.2958,,2017-12-31 14:34:05 +0100,2017-12-31 14:34:05 +0100,airport,false,
7968,Manassas Regional Airport/Harry P. Davis Field,MNZ,,,38.72140121,-77.51540375,,2017-12-31 14:41:40 +0100,2017-12-31 14:41:40 +0100,airport,false,
7972,Markovo Airport,KVM,,,64.6669998168945,170.417007446289,,2017-12-31 14:41:40 +0100,2017-12-31 14:41:40 +0100,airport,false,
3788,Marseille Provence Airport,MRS,,,43.439271922,5.22142410278,,2017-12-31 14:33:52 +0100,2017-12-31 14:33:52 +0100,airport,false,
5932,Martha's Vineyard Airport,MVY,,,41.3931007385,-70.6143035889,,2017-12-31 14:34:30 +0100,2017-12-31 14:34:30 +0100,airport,false,
3537,Masvingo International Airport,MVZ,,,-20.0552997589111,30.8591003417969,,2017-12-31 14:33:48 +0100,2017-12-31 14:33:48 +0100,airport,false,
4209,Mataiva Airport,MVT,,,-14.8681001663208,-148.716995239258,,2017-12-31 14:34:00 +0100,2017-12-31 14:34:00 +0100,airport,false,
4636,Mataveri Airport,IPC,,,-27.1648006439,-109.42199707,,2017-12-31 14:34:07 +0100,2017-12-31 14:34:07 +0100,airport,false,
4765,Mayor Buenaventura Vivas International Airport,STD,,,7.56538009643555,-72.0351028442383,,2017-12-31 14:34:09 +0100,2017-12-31 14:34:09 +0100,airport,false,
6600,Mayor General FAP Armando Revoredo Iglesias Airport,CJA,,,-7.13918018341064,-78.4894027709961,,2017-12-31 14:36:29 +0100,2017-12-31 14:36:29 +0100,airport,false,
5623,Mc Minnville Municipal Airport,MMV,,,45.19440079,-123.1360016,,2017-12-31 14:34:25 +0100,2017-12-31 14:34:25 +0100,airport,false,
6822,McArthur River Mine Airport,MCV,,,-16.4424991608,136.083999634,,2017-12-31 14:36:33 +0100,2017-12-31 14:36:33 +0100,airport,false,
7611,Megève Airport,MVV,,,45.82080078125,6.65221977233887,,2017-12-31 14:38:34 +0100,2017-12-31 14:38:34 +0100,airport,false,
4777,Melville Hall Airport,DOM,,,15.5469999313354,-61.2999992370605,,2017-12-31 14:34:09 +0100,2017-12-31 14:34:09 +0100,airport,false,
3462,Miandrivazo Airport,ZVA,,,-19.5627994537354,45.4508018493652,,2017-12-31 14:33:47 +0100,2017-12-31 14:33:47 +0100,airport,false,
5816,Mid Ohio Valley Regional Airport,PKB,,,39.345100402832,-81.4392013549805,,2017-12-31 14:34:28 +0100,2017-12-31 14:34:28 +0100,airport,false,
4872,Migalovo Air Base,KLD,,,56.8246994018555,35.7577018737793,,2017-12-31 14:34:12 +0100,2017-12-31 14:34:12 +0100,airport,false,
5427,Millville Municipal Airport,MIV,,,39.3678016662598,-75.0721969604492,,2017-12-31 14:34:21 +0100,2017-12-31 14:34:21 +0100,airport,false,
4851,Mineralnyye Vody Airport,MRV,,,44.2251014709473,43.081901550293,,2017-12-31 14:34:11 +0100,2017-12-31 14:34:11 +0100,airport,false,
4587,Ministro Victor Konder International Airport,NVT,,,-26.8799991607666,-48.6514015197754,,2017-12-31 14:34:06 +0100,2017-12-31 14:34:06 +0100,airport,false,
6648,Mogilev Airport,MVQ,,,53.9548988342285,30.095100402832,,2017-12-31 14:36:31 +0100,2017-12-31 14:36:31 +0100,airport,false,
3590,Mohammed V International Airport,CMN,,,33.3675003051758,-7.58997011184692,,2017-12-31 14:33:49 +0100,2017-12-31 14:33:49 +0100,airport,false,
7151,Mojave Airport,MHV,,,35.05939865,-118.1520004,,2017-12-31 14:36:39 +0100,2017-12-31 14:36:39 +0100,airport,false,
4090,Monclova International Airport,LOV,,,26.9556999206543,-101.470001220703,,2017-12-31 14:33:57 +0100,2017-12-31 14:33:57 +0100,airport,false,
2899,Moose Jaw Air Vice Marshal C. M. McEwen Airport,YMJ,,,50.3302993774414,-105.55899810791,,2017-12-31 14:33:37 +0100,2017-12-31 14:33:37 +0100,airport,false,
3465,Morondava Airport,MOQ,,,-20.2847003936768,44.3176002502441,,2017-12-31 14:33:47 +0100,2017-12-31 14:33:47 +0100,airport,false,
7630,Morrisville Stowe State Airport,MVL,,,44.5345993042,-72.6139984131,,2017-12-31 14:38:35 +0100,2017-12-31 14:38:35 +0100,airport,false,
6456,Mota Lava Airport,MTV,,,-13.6660003662,167.712005615,,2017-12-31 14:34:39 +0100,2017-12-31 14:34:39 +0100,airport,false,
6240,Mouilla Ville Airport,MJL,,,-1.84513998031616,11.0566997528076,,2017-12-31 14:34:34 +0100,2017-12-31 14:34:34 +0100,airport,false,
6524,Mountain Village Airport,MOU,,,62.095401763916,-163.682006835938,,2017-12-31 14:34:40 +0100,2017-12-31 14:34:40 +0100,airport,false,
7126,Mykolaiv International Airport,NLV,,,47.0578994750977,31.9197998046875,,2017-12-31 14:36:38 +0100,2017-12-31 14:36:38 +0100,airport,false,
6623,Nakhchivan Airport,NAJ,,,39.1888008117676,45.4584007263184,,2017-12-31 14:36:30 +0100,2017-12-31 14:36:30 +0100,airport,false,
2945,Nanisivik Airport,YSR,,,72.982201,-84.613602,,2017-12-31 14:33:38 +0100,2017-12-31 14:33:38 +0100,airport,false,
5993,Narvik Framnes Airport,NVK,,,68.436897277832,17.386699676514,,2017-12-31 14:34:30 +0100,2017-12-31 14:34:30 +0100,airport,false,
5438,Nashville International Airport,BNA,,,36.1245002746582,-86.6781997680664,,2017-12-31 14:34:21 +0100,2017-12-31 14:34:21 +0100,airport,false,
5490,Naval Air Station Key West/Boca Chica Field,NQX,,,24.57579994,-81.68890381,,2017-12-31 14:34:22 +0100,2017-12-31 14:34:22 +0100,airport,false,
8287,Naval Station Mayport (Admiral David L. Mcdonald Field),NRB,,,30.39109993,-81.42469788,,2017-12-31 14:41:45 +0100,2017-12-31 14:41:45 +0100,airport,false,
6966,Navoi Airport,NVI,,,40.1171989440918,65.1707992553711,,2017-12-31 14:36:35 +0100,2017-12-31 14:36:35 +0100,airport,false,
3811,Nevers-Fourchambault Airport,NVS,,,47.0026016235352,3.11332988739014,,2017-12-31 14:33:52 +0100,2017-12-31 14:33:52 +0100,airport,false,
5705,Nevşehir Kapadokya Airport,NAV,,,38.7719,34.5345,,2017-12-31 14:34:26 +0100,2017-12-31 14:34:26 +0100,airport,false,
5511,New Orleans NAS JRB/Alvin Callender Field,NBG,,,29.82530022,-90.03500366,,2017-12-31 14:34:23 +0100,2017-12-31 14:34:23 +0100,airport,false,
6237,Ngjiva Pereira Airport,VPE,,,-17.0435009003,15.6837997437,,2017-12-31 14:34:34 +0100,2017-12-31 14:34:34 +0100,airport,false,
8356,Nikolayevsk-na-Amure Airport,NLI,,,53.154998779297,140.64999389648,,2017-12-31 14:42:48 +0100,2017-12-31 14:42:48 +0100,airport,false,
4859,Nizhnevartovsk Airport,NJC,,,60.9492988586426,76.4835968017578,,2017-12-31 14:34:12 +0100,2017-12-31 14:34:12 +0100,airport,false,
5938,Nizhny Novgorod Strigino International Airport,GOJ,,,56.230098724365,43.784000396729,,2017-12-31 14:34:30 +0100,2017-12-31 14:34:30 +0100,airport,false,
6321,North Central West Virginia Airport,CKB,,,39.2966003418,-80.2281036377,,2017-12-31 14:34:36 +0100,2017-12-31 14:34:36 +0100,airport,false,
5346,North Island Naval Air Station-Halsey Field,NZY,,,32.69919968,-117.2149963,,2017-12-31 14:34:20 +0100,2017-12-31 14:34:20 +0100,airport,false,
7080,North Las Vegas Airport,VGT,,,36.21070098877,-115.19400024414,,2017-12-31 14:36:37 +0100,2017-12-31 14:36:37 +0100,airport,false,
3490,Nova Lisboa Airport,NOV,,,-12.8088998794556,15.7604999542236,,2017-12-31 14:33:47 +0100,2017-12-31 14:33:47 +0100,airport,false,
7348,Novo Aripuanã Airport,NVP,,,-5.11803007125854,-60.3648986816406,,2017-12-31 14:36:43 +0100,2017-12-31 14:36:43 +0100,airport,false,
6006,Novy Urengoy Airport,NUX,,,66.0693969726562,76.5203018188477,,2017-12-31 14:34:31 +0100,2017-12-31 14:34:31 +0100,airport,false,
4740,Nueva Hesperides International Airport,STY,,,-31.4384994506836,-57.9852981567383,,2017-12-31 14:34:09 +0100,2017-12-31 14:34:09 +0100,airport,false,
4211,Nuku Hiva Airport,NHV,,,-8.79559993743896,-140.22900390625,,2017-12-31 14:34:00 +0100,2017-12-31 14:34:00 +0100,airport,false,
7411,Ohio State University Airport,OSU,,,40.0797996521,-83.072998046875,,2017-12-31 14:38:31 +0100,2017-12-31 14:38:31 +0100,airport,false,
7533,Olive Branch Airport,OLV,,,34.9786987305,-89.7869033813,,2017-12-31 14:38:33 +0100,2017-12-31 14:38:33 +0100,airport,false,
5534,Opa-locka Executive Airport,OPF,,,25.90699959,-80.27839661,,2017-12-31 14:34:23 +0100,2017-12-31 14:34:23 +0100,airport,false,
5175,Orlando Executive Airport,ORL,,,28.545499801636,-81.332901000977,,2017-12-31 14:34:17 +0100,2017-12-31 14:34:17 +0100,airport,false,
3931,Ostrava Leos Janáček Airport,OSR,,,49.6963005065918,18.1110992431641,,2017-12-31 14:33:54 +0100,2017-12-31 14:33:54 +0100,airport,false,
6263,Osvaldo Vieira International Airport,OXB,,,11.8948001861572,-15.6536998748779,,2017-12-31 14:34:35 +0100,2017-12-31 14:34:35 +0100,airport,false,
4741,Oswaldo Guevara Mujica Airport,AGV,,,9.55337524414062,-69.2378692626953,,2017-12-31 14:34:09 +0100,2017-12-31 14:34:09 +0100,airport,false,
4226,Ouvéa Airport,UVE,,,-20.6406002044678,166.572998046875,,2017-12-31 14:34:01 +0100,2017-12-31 14:34:01 +0100,airport,false,
3941,Ovda International Airport,VDA,,,29.940299987793,34.9357986450195,,2017-12-31 14:33:54 +0100,2017-12-31 14:33:54 +0100,airport,false,
6349,Owensboro Daviess County Airport,OWB,,,37.74010086,-87.16680145,,2017-12-31 14:34:37 +0100,2017-12-31 14:34:37 +0100,airport,false,
3914,Padova Airport,QPA,,,45.395802,11.8479,,2017-12-31 14:33:54 +0100,2017-12-31 14:33:54 +0100,airport,false,
5685,Panevėžys Air Base,PNV,,,55.7294006347656,24.4608001708984,,2017-12-31 14:34:26 +0100,2017-12-31 14:34:26 +0100,airport,false,
3796,Paris Beauvais Tillé Airport,BVA,,,49.4543991088867,2.11278009414673,,2017-12-31 14:33:52 +0100,2017-12-31 14:33:52 +0100,airport,false,
5277,Patuxent River Naval Air Station/Trapnell Field Aiport,NHK,,,38.2859993,-76.41179657,,2017-12-31 14:34:19 +0100,2017-12-31 14:34:19 +0100,airport,false,
4813,Pavlodar Airport,PWQ,,,52.1949996948242,77.0738983154297,,2017-12-31 14:34:10 +0100,2017-12-31 14:34:10 +0100,airport,false,
2912,Peace River Airport,YPE,,,56.2268981933594,-117.446998596191,,2017-12-31 14:33:38 +0100,2017-12-31 14:33:38 +0100,airport,false,
5316,Pensacola Naval Air Station/Forrest Sherman Field,NPA,,,30.35269928,-87.31860352,,2017-12-31 14:34:19 +0100,2017-12-31 14:34:19 +0100,airport,false,
3790,Perpignan-Rivesaltes (Llabanère) Airport,PGF,,,42.7403984069824,2.87067008018494,,2017-12-31 14:33:52 +0100,2017-12-31 14:33:52 +0100,airport,false,
7229,Perryville Airport,KPV,,,55.905998,-159.162993,,2017-12-31 14:36:40 +0100,2017-12-31 14:36:40 +0100,airport,false,
6618,Petropavlosk South Airport,PPK,,,54.7747001647949,69.1838989257812,,2017-12-31 14:36:30 +0100,2017-12-31 14:36:30 +0100,airport,false,
6646,Petrozavodsk Airport,PES,,,61.8852005004883,34.1547012329102,,2017-12-31 14:36:31 +0100,2017-12-31 14:36:31 +0100,airport,false,
4823,Pevek Airport,PWE,,,69.783302307129,170.59700012207,,2017-12-31 14:34:11 +0100,2017-12-31 14:34:11 +0100,airport,false,
7596,Phoenix Deer Valley Airport,DVT,,,33.6883010864,-112.083000183,,2017-12-31 14:38:34 +0100,2017-12-31 14:38:34 +0100,airport,false,
3417,Pierre Van Ryneveld Airport,UTN,,,-28.39909935,21.2602005005,,2017-12-31 14:33:45 +0100,2017-12-31 14:33:45 +0100,airport,false,
4519,Piloto Civil N. Fernández Airport,RGL,,,-51.6089,-69.3126,,2017-12-31 14:34:05 +0100,2017-12-31 14:34:05 +0100,airport,false,
4535,Piloto Osvaldo Marques Dias Airport,AFL,,,-9.8663892746,-56.1049995422,,2017-12-31 14:34:06 +0100,2017-12-31 14:34:06 +0100,airport,false,
7114,Pitt Greenville Airport,PGV,,,35.6352005,-77.38529968,,2017-12-31 14:36:38 +0100,2017-12-31 14:36:38 +0100,airport,false,
3688,Plovdiv International Airport,PDV,,,42.067799,24.8508,,2017-12-31 14:33:51 +0100,2017-12-31 14:33:51 +0100,airport,false,
6669,Pobedilovo Airport,KVX,,,58.503299713135,49.348300933838,,2017-12-31 14:36:31 +0100,2017-12-31 14:36:31 +0100,airport,false,
5267,Point Mugu Naval Air Station (Naval Base Ventura Co),NTD,,,34.120300293,-119.121002197,,2017-12-31 14:34:18 +0100,2017-12-31 14:34:18 +0100,airport,false,
6449,Pointe Vele Airport,FUT,,,-14.3114004135,-178.065994263,,2017-12-31 14:34:39 +0100,2017-12-31 14:34:39 +0100,airport,false,
3809,Pontoise - Cormeilles-en-Vexin Airport,POX,,,49.0966667,2.0408333,,2017-12-31 14:33:52 +0100,2017-12-31 14:33:52 +0100,airport,false,
8242,Poplar River Airport,XPP,,,52.9965258788,-97.2741937637,,2017-12-31 14:41:44 +0100,2017-12-31 14:41:44 +0100,airport,false,
7281,Postville Airport,YSO,,,54.9105,-59.78507,,2017-12-31 14:36:41 +0100,2017-12-31 14:36:41 +0100,airport,false,
6138,Powell River Airport,YPW,,,49.8342018127441,-124.5,,2017-12-31 14:34:33 +0100,2017-12-31 14:34:33 +0100,airport,false,
7138,Prince Rupert/Seal Cove Seaplane Base,ZSW,,,54.3333015441895,-130.283004760742,,2017-12-31 14:36:38 +0100,2017-12-31 14:36:38 +0100,airport,false,
4034,Providenciales Airport,PLS,,,21.7735996246338,-72.2658996582031,,2017-12-31 14:33:55 +0100,2017-12-31 14:33:55 +0100,airport,false,
4821,Provideniya Bay Airport,PVS,,,64.3780975341797,-173.24299621582,,2017-12-31 14:34:11 +0100,2017-12-31 14:34:11 +0100,airport,false,
6957,Provincetown Municipal Airport,PVC,,,42.0718994141,-70.2213973999,,2017-12-31 14:36:35 +0100,2017-12-31 14:36:35 +0100,airport,false,
7445,Provo Municipal Airport,PVU,,,40.219200134277,-111.72299957275,,2017-12-31 14:38:32 +0100,2017-12-31 14:38:32 +0100,airport,false,
6013,Pskov Airport,PKV,,,57.7839012145996,28.3955993652344,,2017-12-31 14:34:31 +0100,2017-12-31 14:34:31 +0100,airport,false,
4838,Pulkovo Airport,LED,,,59.8003005981445,30.2625007629395,,2017-12-31 14:34:11 +0100,2017-12-31 14:34:11 +0100,airport,false,
7079,Purdue University Airport,LAF,,,40.4123001098633,-86.936897277832,,2017-12-31 14:36:37 +0100,2017-12-31 14:36:37 +0100,airport,false,
6987,Puvirnituq Airport,YPX,,,60.0505981445312,-77.2869033813477,,2017-12-31 14:36:36 +0100,2017-12-31 14:36:36 +0100,airport,false,
3933,Přerov Air Base,PRV,,,49.4258003234863,17.4046993255615,,2017-12-31 14:33:54 +0100,2017-12-31 14:33:54 +0100,airport,false,
3492,Quatro de Fevereiro Airport,LAD,,,-8.85836982727,13.2312002182,,2017-12-31 14:33:47 +0100,2017-12-31 14:33:47 +0100,airport,false,
3193,RNAS Yeovilton,YEO,,,51.0093994140625,-2.63881993293762,,2017-12-31 14:33:42 +0100,2017-12-31 14:33:42 +0100,airport,false,
7386,Raivavae Airport,RVV,,,-23.8852005005,-147.662002563,,2017-12-31 14:38:31 +0100,2017-12-31 14:38:31 +0100,airport,false,
4046,Ramón Villeda Morales International Airport,SAP,,,15.4525995254517,-87.9235992431641,,2017-12-31 14:33:56 +0100,2017-12-31 14:33:56 +0100,airport,false,
7444,Ravensthorpe Airport,RVT,,,-33.7971992493,120.208000183,,2017-12-31 14:38:32 +0100,2017-12-31 14:38:32 +0100,airport,false,
7587,Rawlins Municipal Airport/Harvey Field,RWL,,,41.80559921,-107.1999969,,2017-12-31 14:38:34 +0100,2017-12-31 14:38:34 +0100,airport,false,
4580,Regional de Maringá - Sílvio Nane Junior Airport,MGF,,,-23.4794445038,-52.01222229,,2017-12-31 14:34:06 +0100,2017-12-31 14:34:06 +0100,airport,false,
8188,Reid-Hillview Airport of Santa Clara County,RHV,,,37.332901001,-121.819000244,,2017-12-31 14:41:44 +0100,2017-12-31 14:41:44 +0100,airport,false,
7598,Revelstoke Airport,YRV,,,50.9667015076,-118.182998657,,2017-12-31 14:38:34 +0100,2017-12-31 14:38:34 +0100,airport,false,
2829,Reykjavik Airport,RKV,,,64.1299972534,-21.9405994415,,2017-12-31 14:33:36 +0100,2017-12-31 14:33:36 +0100,airport,false,
7097,Ringi Cove Airport,RIN,,,-8.12639045715332,157.143005371094,,2017-12-31 14:36:38 +0100,2017-12-31 14:36:38 +0100,airport,false,
5542,Riverside Municipal Airport,RAL,,,33.95190048,-117.4449997,,2017-12-31 14:34:23 +0100,2017-12-31 14:34:23 +0100,airport,false,
7083,Riverton Regional Airport,RIW,,,43.064201355,-108.459999084,,2017-12-31 14:36:38 +0100,2017-12-31 14:36:38 +0100,airport,false,
2937,Rivière-du-Loup Airport,YRI,,,47.7644004821777,-69.5847015380859,,2017-12-31 14:33:38 +0100,2017-12-31 14:33:38 +0100,airport,false,
6640,Rivne International Airport,RWN,,,50.6071014404297,26.1415996551514,,2017-12-31 14:36:30 +0100,2017-12-31 14:36:30 +0100,airport,false,
2938,Roberval Airport,YRJ,,,48.5200004577637,-72.2656021118164,,2017-12-31 14:33:38 +0100,2017-12-31 14:33:38 +0100,airport,false,
5804,Rogue Valley International Medford Airport,MFR,,,42.3741989135742,-122.873001098633,,2017-12-31 14:34:28 +0100,2017-12-31 14:34:28 +0100,airport,false,
8213,Ross River Airport,XRR,,,61.9706001282,-132.42300415,,2017-12-31 14:41:44 +0100,2017-12-31 14:41:44 +0100,airport,false,
4853,Rostov-on-Don Airport,ROV,,,47.2582015991,39.8180999756,,2017-12-31 14:34:11 +0100,2017-12-31 14:34:11 +0100,airport,false,
3175,Rovaniemi Airport,RVN,,,66.564796447754,25.830400466919,,2017-12-31 14:33:42 +0100,2017-12-31 14:33:42 +0100,airport,false,
6358,Rutland - Southern Vermont Regional Airport,RUT,,,43.52939987,-72.94960022,,2017-12-31 14:34:37 +0100,2017-12-31 14:34:37 +0100,airport,false,
6493,Sabzevar National Airport,AFZ,,,36.168098449707,57.5951995849609,,2017-12-31 14:34:39 +0100,2017-12-31 14:34:39 +0100,airport,false,
2947,Sachs Harbour (David Nasogaluak Jr. Saaryuaq) Airport,YSY,,,71.9938964844,-125.242996216,,2017-12-31 14:33:38 +0100,2017-12-31 14:33:38 +0100,airport,false,
5411,Sacramento Executive Airport,SAC,,,38.5125007629,-121.492996216,,2017-12-31 14:34:21 +0100,2017-12-31 14:34:21 +0100,airport,false,
3476,Sambava Airport,SVB,,,-14.2785997390747,50.1747016906738,,2017-12-31 14:33:47 +0100,2017-12-31 14:33:47 +0100,airport,false,
3713,San Javier Airport,MJV,,,37.7750015258789,-0.812389016151428,,2017-12-31 14:33:51 +0100,2017-12-31 14:33:51 +0100,airport,false,
7179,San Luis Valley Regional Bergman Field,ALS,,,37.434898,-105.866997,,2017-12-31 14:36:39 +0100,2017-12-31 14:36:39 +0100,airport,false,
4183,San Salvador Airport,ZSA,,,24.0632991790771,-74.5240020751953,,2017-12-31 14:33:59 +0100,2017-12-31 14:33:59 +0100,airport,false,
6032,Santa Cruz/Graciosa Bay/Luova Airport,SCZ,,,-10.7202997207642,165.794998168945,,2017-12-31 14:34:31 +0100,2017-12-31 14:34:31 +0100,airport,false,
4564,Santa Genoveva Airport,GYN,,,-16.6319999694824,-49.2206993103027,,2017-12-31 14:34:06 +0100,2017-12-31 14:34:06 +0100,airport,false,
3964,Sarajevo International Airport,SJJ,,,43.8246002197266,18.3314990997314,,2017-12-31 14:33:54 +0100,2017-12-31 14:33:54 +0100,airport,false,
6005,Saratov Central Airport,RTW,,,51.564998626709,46.0466995239258,,2017-12-31 14:34:31 +0100,2017-12-31 14:34:31 +0100,airport,false,
7821,Saravane Airport,VNA,,,15.7094392077,106.410698891,,2017-12-31 14:41:38 +0100,2017-12-31 14:41:38 +0100,airport,false,
4880,Sardar Vallabhbhai Patel International Airport,AMD,,,23.0771999359,72.6346969604,,2017-12-31 14:34:12 +0100,2017-12-31 14:34:12 +0100,airport,false,
4487,Sauce Viejo Airport,SFN,,,-31.7117,-60.8117,,2017-12-31 14:34:05 +0100,2017-12-31 14:34:05 +0100,airport,false,
5364,Savannah Hilton Head International Airport,SAV,,,32.12760162,-81.20210266,,2017-12-31 14:34:20 +0100,2017-12-31 14:34:20 +0100,airport,false,
4968,Savannakhet Airport,ZVK,,,16.5566005706787,104.76000213623,,2017-12-31 14:34:13 +0100,2017-12-31 14:34:13 +0100,airport,false,
3176,Savonlinna Airport,SVL,,,61.943099975586,28.945100784302,,2017-12-31 14:33:42 +0100,2017-12-31 14:33:42 +0100,airport,false,
6984,Savoonga Airport,SVA,,,63.6864013671875,-170.49299621582,,2017-12-31 14:36:36 +0100,2017-12-31 14:36:36 +0100,airport,false,
6443,Savusavu Airport,SVU,,,-16.8027992249,179.341003418,,2017-12-31 14:34:39 +0100,2017-12-31 14:34:39 +0100,airport,false,
2890,Schefferville Airport,YKL,,,54.8053016662598,-66.8052978515625,,2017-12-31 14:33:37 +0100,2017-12-31 14:33:37 +0100,airport,false,
5334,Scholes International At Galveston Airport,GLS,,,29.2653007507324,-94.8603973388672,,2017-12-31 14:34:19 +0100,2017-12-31 14:34:19 +0100,airport,false,
3942,Sde Dov Airport,SDV,,,32.1147003173828,34.7821998596191,,2017-12-31 14:33:54 +0100,2017-12-31 14:33:54 +0100,airport,false,
3731,Sevilla Airport,SVQ,,,37.4179992675781,-5.8931097984314,,2017-12-31 14:33:51 +0100,2017-12-31 14:33:51 +0100,airport,false,
7168,Shenandoah Valley Regional Airport,SHD,,,38.2638015747,-78.8964004517,,2017-12-31 14:36:39 +0100,2017-12-31 14:36:39 +0100,airport,false,
4871,Sheremetyevo International Airport,SVO,,,55.972599,37.4146,,2017-12-31 14:34:12 +0100,2017-12-31 14:34:12 +0100,airport,false,
7488,Shively Field,SAA,,,41.4449005126953,-106.823997497559,,2017-12-31 14:38:32 +0100,2017-12-31 14:38:32 +0100,airport,false,
5360,Shreveport Regional Airport,SHV,,,32.4466018676758,-93.8255996704102,,2017-12-31 14:34:20 +0100,2017-12-31 14:34:20 +0100,airport,false,
5353,Sierra Vista Municipal Libby Army Air Field,FHU,,,31.5884990692139,-110.34400177002,,2017-12-31 14:34:20 +0100,2017-12-31 14:34:20 +0100,airport,false,
3890,Sigonella Navy Air Base,NSY,,,37.401699,14.9224,,2017-12-31 14:33:53 +0100,2017-12-31 14:33:53 +0100,airport,false,
5796,Sihanoukville International Airport,KOS,,,10.57970047,103.637001038,,2017-12-31 14:34:28 +0100,2017-12-31 14:34:28 +0100,airport,false,
7641,Silver Springs Airport,SPZ,,,39.4029998779297,-119.250999450684,,2017-12-31 14:38:35 +0100,2017-12-31 14:38:35 +0100,airport,false,
4658,Silvio Pettirossi International Airport,ASU,,,-25.2399997711182,-57.5200004577637,,2017-12-31 14:34:07 +0100,2017-12-31 14:34:07 +0100,airport,false,
4695,Simón Bolívar International Airport,SMR,,,11.1196,-74.2306,,2017-12-31 14:34:08 +0100,2017-12-31 14:34:08 +0100,airport,false,
4758,Simón Bolívar International Airport,CCS,,,10.6031169891,-66.9905853271,,2017-12-31 14:34:09 +0100,2017-12-31 14:34:09 +0100,airport,false,
3440,Sir Charles Gaetan Duval Airport,RRG,,,-19.7576999664307,63.3610000610352,,2017-12-31 14:33:46 +0100,2017-12-31 14:33:46 +0100,airport,false,
4000,Sivas Nuri Demirağ Airport,VAS,,,39.813801,36.9035,,2017-12-31 14:33:55 +0100,2017-12-31 14:33:55 +0100,airport,false,
7984,Skyhaven Airport,DAW,,,43.2840995788574,-70.9292984008789,,2017-12-31 14:41:41 +0100,2017-12-31 14:41:41 +0100,airport,false,
3339,Skövde Airport,KVB,,,58.4564018249512,13.9727001190186,,2017-12-31 14:33:44 +0100,2017-12-31 14:33:44 +0100,airport,false,
3005,Slave Lake Airport,YZH,,,55.2930984497,-114.777000427,,2017-12-31 14:33:39 +0100,2017-12-31 14:33:39 +0100,airport,false,
6642,Solovki Airport,CSH,,,65.0299987793,35.7333335876,,2017-12-31 14:36:30 +0100,2017-12-31 14:36:30 +0100,airport,false,
7809,South Haven Area Regional Airport,LWA,,,42.3512001037598,-86.2556991577148,,2017-12-31 14:41:38 +0100,2017-12-31 14:41:38 +0100,airport,false,
6667,Sovetskiy Airport,OVS,,,61.3266220092773,63.6019134521484,,2017-12-31 14:36:31 +0100,2017-12-31 14:36:31 +0100,airport,false,
5179,Sparrevohn LRRS Airport,SVW,,,61.09740067,-155.5740051,,2017-12-31 14:34:17 +0100,2017-12-31 14:34:17 +0100,airport,false,
6651,Spichenkovo Airport,NOZ,,,53.8114013671875,86.877197265625,,2017-12-31 14:36:31 +0100,2017-12-31 14:36:31 +0100,airport,false,
7781,Statesville Regional Airport,SVH,,,35.765300750732,-80.953903198242,,2017-12-31 14:41:38 +0100,2017-12-31 14:41:38 +0100,airport,false,
3323,Stavanger Airport Sola,SVG,,,58.876701354,5.6377801895,,2017-12-31 14:33:44 +0100,2017-12-31 14:33:44 +0100,airport,false,
4852,Stavropol Shpakovskoye Airport,STW,,,45.1091995239258,42.1128005981445,,2017-12-31 14:34:11 +0100,2017-12-31 14:34:11 +0100,airport,false,
2887,Stephenville Airport,YJT,,,48.5442008972168,-58.5499992370605,,2017-12-31 14:33:37 +0100,2017-12-31 14:33:37 +0100,airport,false,
7834,Stevens Point Municipal Airport,STE,,,44.5452003479,-89.530296325684,,2017-12-31 14:41:38 +0100,2017-12-31 14:41:38 +0100,airport,false,
3343,Stockholm Skavsta Airport,NYO,,,58.7886009216309,16.9122009277344,,2017-12-31 14:33:44 +0100,2017-12-31 14:33:44 +0100,airport,false,
3364,Stockholm Västerås Airport,VST,,,59.5894012451172,16.6336002349854,,2017-12-31 14:33:44 +0100,2017-12-31 14:33:44 +0100,airport,false,
7154,Strezhevoy Airport,SWT,,,60.709400177,77.6600036621,,2017-12-31 14:36:39 +0100,2017-12-31 14:36:39 +0100,airport,false,
6038,Suavanao Airport,VAO,,,-7.5855598449707,158.731002807617,,2017-12-31 14:34:31 +0100,2017-12-31 14:34:31 +0100,airport,false,
3978,Suceava Stefan cel Mare Airport,SCV,,,47.6875,26.3540992736816,,2017-12-31 14:33:55 +0100,2017-12-31 14:33:55 +0100,airport,false,
6083,Summer Beaver Airport,SUR,,,52.7085990905762,-88.5419006347656,,2017-12-31 14:34:32 +0100,2017-12-31 14:34:32 +0100,airport,false,
3356,Sundsvall-Härnösand Airport,SDL,,,62.5280990600586,17.4438991546631,,2017-12-31 14:33:44 +0100,2017-12-31 14:33:44 +0100,airport,false,
7714,Suprunovka Airport,PLV,,,49.5685997009277,34.3972015380859,,2017-12-31 14:40:23 +0100,2017-12-31 14:40:23 +0100,airport,false,
5625,Suvarnabhumi Airport,BKK,,,13.6810998916626,100.747001647949,,2017-12-31 14:34:25 +0100,2017-12-31 14:34:25 +0100,airport,false,
3351,Sveg Airport,EVG,,,62.0477981567383,14.4229001998901,,2017-12-31 14:33:44 +0100,2017-12-31 14:33:44 +0100,airport,false,
6196,Svolvær Helle Airport,SVJ,,,68.243301391602,14.669199943542,,2017-12-31 14:34:33 +0100,2017-12-31 14:34:33 +0100,airport,false,
6156,Swan River Airport,ZJN,,,52.1206016540527,-101.236000061035,,2017-12-31 14:34:33 +0100,2017-12-31 14:34:33 +0100,airport,false,
4875,Syktyvkar Airport,SCW,,,61.6469993591309,50.845100402832,,2017-12-31 14:34:12 +0100,2017-12-31 14:34:12 +0100,airport,false,
5969,Tabarka 7 Novembre Airport,TBJ,,,36.9799995422363,8.87693977355957,,2017-12-31 14:34:30 +0100,2017-12-31 14:34:30 +0100,airport,false,
4545,Tancredo Neves International Airport,CNF,,,-19.6244430541992,-43.9719429016113,,2017-12-31 14:34:06 +0100,2017-12-31 14:34:06 +0100,airport,false,
6463,Tavie Airport,PBJ,,,-16.438999176,168.257003784,,2017-12-31 14:34:39 +0100,2017-12-31 14:34:39 +0100,airport,false,
5517,Ted Stevens Anchorage International Airport,ANC,,,61.1744003295898,-149.996002197266,,2017-12-31 14:34:23 +0100,2017-12-31 14:34:23 +0100,airport,false,
4617,Ten. Cel. Aviador César Bombonato Airport,UDI,,,-18.8836116790771,-48.2252769470215,,2017-12-31 14:34:07 +0100,2017-12-31 14:34:07 +0100,airport,false,
4712,Teniente Av. Jorge Henrich Arauz Airport,TDD,,,-14.8186998367,-64.9179992676,,2017-12-31 14:34:08 +0100,2017-12-31 14:34:08 +0100,airport,false,
4628,Teniente Vidal Airport,GXQ,,,-45.5942001342773,-72.1061019897461,,2017-12-31 14:34:07 +0100,2017-12-31 14:34:07 +0100,airport,false,
7144,Thief River Falls Regional Airport,TVF,,,48.06570053,-96.18499756,,2017-12-31 14:36:38 +0100,2017-12-31 14:36:38 +0100,airport,false,
7591,Thomasville Regional Airport,TVI,,,30.901599884033,-83.881301879883,,2017-12-31 14:38:34 +0100,2017-12-31 14:38:34 +0100,airport,false,
3981,Timişoara Traian Vuia Airport,TSR,,,45.8098983764648,21.3379001617432,,2017-12-31 14:33:55 +0100,2017-12-31 14:33:55 +0100,airport,false,
2951,Timmins/Victor M. Power,YTS,,,48.5696983337,-81.376701355,,2017-12-31 14:33:38 +0100,2017-12-31 14:33:38 +0100,airport,false,
4992,Tiruchirapally Civil Airport Airport,TRZ,,,10.7653999328613,78.7097015380859,,2017-12-31 14:34:14 +0100,2017-12-31 14:34:14 +0100,airport,false,
4027,Tivat Airport,TIV,,,42.4047012329102,18.7233009338379,,2017-12-31 14:33:55 +0100,2017-12-31 14:33:55 +0100,airport,false,
5784,Tolmachevo Airport,OVB,,,55.012599945068,82.650703430176,,2017-12-31 14:34:27 +0100,2017-12-31 14:34:27 +0100,airport,false,
6431,Tongareva Airport,PYE,,,-9.01436996459961,-158.032409667969,,2017-12-31 14:34:38 +0100,2017-12-31 14:34:38 +0100,airport,false,
3801,Tours-Val-de-Loire Airport,TUF,,,47.4322013855,0.727605998516,,2017-12-31 14:33:52 +0100,2017-12-31 14:33:52 +0100,airport,false,
4144,Toussaint Louverture International Airport,PAP,,,18.5799999237061,-72.2925033569336,,2017-12-31 14:33:58 +0100,2017-12-31 14:33:58 +0100,airport,false,
5101,Townsville Airport,TSV,,,-19.2525005340576,146.764999389648,,2017-12-31 14:34:16 +0100,2017-12-31 14:34:16 +0100,airport,false,
3980,Transilvania Târgu Mureş International Airport,TGM,,,46.467700958252,24.4125003814697,,2017-12-31 14:33:55 +0100,2017-12-31 14:33:55 +0100,airport,false,
5207,Travis Air Force Base,SUU,,,38.262699127197,-121.92700195312,,2017-12-31 14:34:18 +0100,2017-12-31 14:34:18 +0100,airport,false,
3908,Treviso-Sant'Angelo Airport,TSF,,,45.648399,12.1944,,2017-12-31 14:33:54 +0100,2017-12-31 14:33:54 +0100,airport,false,
5818,Tri Cities Regional Tn Va Airport,TRI,,,36.4752006530762,-82.4074020385742,,2017-12-31 14:34:28 +0100,2017-12-31 14:34:28 +0100,airport,false,
4972,Tribhuvan International Airport,KTM,,,27.6965999603,85.3591003418,,2017-12-31 14:34:13 +0100,2017-12-31 14:34:13 +0100,airport,false,
3911,Trieste–Friuli Venezia Giulia Airport,TRS,,,45.827499,13.4722,,2017-12-31 14:33:54 +0100,2017-12-31 14:33:54 +0100,airport,false,
4993,Trivandrum International Airport,TRV,,,8.48211956024,76.9200973511,,2017-12-31 14:34:14 +0100,2017-12-31 14:34:14 +0100,airport,false,
7814,Trois-Rivières Airport,YRQ,,,46.3527984619141,-72.6793975830078,,2017-12-31 14:41:38 +0100,2017-12-31 14:41:38 +0100,airport,false,
3340,Trollhättan-Vänersborg Airport,THN,,,58.3180999755859,12.3450002670288,,2017-12-31 14:33:44 +0100,2017-12-31 14:33:44 +0100,airport,false,
3322,Trondheim Airport Værnes,TRD,,,63.4578018,10.9239998,,2017-12-31 14:33:44 +0100,2017-12-31 14:33:44 +0100,airport,false,
5720,Tweed New Haven Airport,HVN,,,41.26369858,-72.88680267,,2017-12-31 14:34:27 +0100,2017-12-31 14:34:27 +0100,airport,false,
7135,Ulyanovsk Baratayevka Airport,ULV,,,54.2682991028,48.2266998291,,2017-12-31 14:36:38 +0100,2017-12-31 14:36:38 +0100,airport,false,
6690,Ulyanovsk East Airport,ULY,,,54.4010009765625,48.8027000427246,,2017-12-31 14:36:31 +0100,2017-12-31 14:36:31 +0100,airport,false,
8303,University Oxford Airport,UOX,,,34.384300231934,-89.536796569824,,2017-12-31 14:42:48 +0100,2017-12-31 14:42:48 +0100,airport,false,
5971,University Park Airport,SCE,,,40.8493003845,-77.8487014771,,2017-12-31 14:34:30 +0100,2017-12-31 14:34:30 +0100,airport,false,
5760,University of Illinois Willard Airport,CMI,,,40.03919983,-88.27809906,,2017-12-31 14:34:27 +0100,2017-12-31 14:34:27 +0100,airport,false,
6070,Upernavik Airport,JUV,,,72.7901992798,-56.1305999756,,2017-12-31 14:34:32 +0100,2017-12-31 14:34:32 +0100,airport,false,
4774,V.C. Bird International Airport,ANU,,,17.1367,-61.792702,,2017-12-31 14:34:09 +0100,2017-12-31 14:34:09 +0100,airport,false,
3181,Vaasa Airport,VAA,,,63.050701141357,21.762199401855,,2017-12-31 14:33:42 +0100,2017-12-31 14:33:42 +0100,airport,false,
4887,Vadodara Airport,BDQ,,,22.3362007141,73.2263031006,,2017-12-31 14:34:12 +0100,2017-12-31 14:34:12 +0100,airport,false,
5978,Vadsø Airport,VDS,,,70.065299987793,29.844699859619,,2017-12-31 14:34:30 +0100,2017-12-31 14:34:30 +0100,airport,false,
3290,Vagar Airport,FAE,,,62.0635986328125,-7.27721977233887,,2017-12-31 14:33:43 +0100,2017-12-31 14:33:43 +0100,airport,false,
4537,Val de Cans/Júlio Cezar Ribeiro International Airport,BEL,,,-1.37925004959,-48.4762992859,,2017-12-31 14:34:06 +0100,2017-12-31 14:34:06 +0100,airport,false,
2961,Val-d'Or Airport,YVO,,,48.0532989502,-77.7827987671,,2017-12-31 14:33:38 +0100,2017-12-31 14:33:38 +0100,airport,false,
5976,Valan Airport,HVG,,,71.009696960449,25.983600616455,,2017-12-31 14:34:30 +0100,2017-12-31 14:34:30 +0100,airport,false,
5605,Valdez Pioneer Field,VDZ,,,61.13389969,-146.2480011,,2017-12-31 14:34:24 +0100,2017-12-31 14:34:24 +0100,airport,false,
6367,Valdosta Regional Airport,VLD,,,30.7824993133545,-83.2767028808594,,2017-12-31 14:34:37 +0100,2017-12-31 14:34:37 +0100,airport,false,
3779,Valence-Chabeuil Airport,VAF,,,44.9216,4.9699,,2017-12-31 14:33:52 +0100,2017-12-31 14:33:52 +0100,airport,false,
3725,Valencia Airport,VLC,,,39.4892997741699,-0.481624990701675,,2017-12-31 14:33:51 +0100,2017-12-31 14:33:51 +0100,airport,false,
7499,Valença Airport,VAL,,,-13.2965002059937,-38.9924011230469,,2017-12-31 14:38:33 +0100,2017-12-31 14:38:33 +0100,airport,false,
6474,Valesdir Airport,VLS,,,-16.7961006165,168.177001953,,2017-12-31 14:34:39 +0100,2017-12-31 14:34:39 +0100,airport,false,
3269,Valkenburg Naval Air Base,LID,,,52.1660995483,4.41794013977,,2017-12-31 14:33:43 +0100,2017-12-31 14:33:43 +0100,airport,true,
3726,Valladolid Airport,VLL,,,41.7061004639,-4.85194015503,,2017-12-31 14:33:51 +0100,2017-12-31 14:33:51 +0100,airport,false,
4772,Valle de La Pascua Airport,VDP,,,9.22202777863,-65.9935836792,,2017-12-31 14:34:09 +0100,2017-12-31 14:34:09 +0100,airport,false,
4081,Valle del Fuerte International Airport,LMM,,,25.6851997375,-109.081001282,,2017-12-31 14:33:56 +0100,2017-12-31 14:33:56 +0100,airport,false,
5313,Valley International Airport,HRL,,,26.2285003662109,-97.6544036865234,,2017-12-31 14:34:19 +0100,2017-12-31 14:34:19 +0100,airport,false,
4016,Van Ferit Melen Airport,VAN,,,38.4682006835938,43.3322982788086,,2017-12-31 14:33:55 +0100,2017-12-31 14:33:55 +0100,airport,false,
5777,Van Nuys Airport,VNY,,,34.209800720215,-118.48999786377,,2017-12-31 14:34:27 +0100,2017-12-31 14:34:27 +0100,airport,false,
7790,Van Wert County Airport,VNW,,,40.8647003173828,-84.6093978881836,,2017-12-31 14:41:38 +0100,2017-12-31 14:41:38 +0100,airport,false,
5266,Vance Air Force Base,END,,,36.3391990662,-97.9164962769,,2017-12-31 14:34:18 +0100,2017-12-31 14:34:18 +0100,airport,false,
6613,Vance W. Amory International Airport,NEV,,,17.2056999206543,-62.589900970459,,2017-12-31 14:36:30 +0100,2017-12-31 14:36:30 +0100,airport,false,
6115,Vancouver Harbour Water Aerodrome,CXH,,,49.2943992615,-123.111000061,,2017-12-31 14:34:32 +0100,2017-12-31 14:34:32 +0100,airport,false,
2964,Vancouver International Airport,YVR,,,49.193901062,-123.183998108,,2017-12-31 14:33:38 +0100,2017-12-31 14:33:38 +0100,airport,false,
5553,Vandenberg Air Force Base,VBG,,,34.7373008728,-120.583999634,,2017-12-31 14:34:24 +0100,2017-12-31 14:34:24 +0100,airport,false,
4703,Vanguardia Airport,VVC,,,4.16787,-73.6138,,2017-12-31 14:34:08 +0100,2017-12-31 14:34:08 +0100,airport,false,
6058,Vanimo Airport,VAI,,,-2.6926,141.3028,,2017-12-31 14:34:31 +0100,2017-12-31 14:34:31 +0100,airport,false,
3828,Vannes-Meucon Airport,VNE,,,47.7233009338379,-2.71855998039246,,2017-12-31 14:33:53 +0100,2017-12-31 14:33:53 +0100,airport,false,
6447,Vanua Balavu Airport,VBV,,,-17.2689990997314,-178.975997924805,,2017-12-31 14:34:39 +0100,2017-12-31 14:34:39 +0100,airport,false,
3182,Varkaus Airport,VRK,,,62.171100616455,27.868600845337,,2017-12-31 14:33:42 +0100,2017-12-31 14:33:42 +0100,airport,false,
3690,Varna Airport,VAR,,,43.232101,27.8251,,2017-12-31 14:33:51 +0100,2017-12-31 14:33:51 +0100,airport,false,
4190,Vava'u International Airport,VAV,,,-18.5853004455566,-173.962005615234,,2017-12-31 14:33:59 +0100,2017-12-31 14:33:59 +0100,airport,false,
7921,Velikiye Luki Airport,VLU,,,56.3810997009277,30.6081008911133,,2017-12-31 14:41:40 +0100,2017-12-31 14:41:40 +0100,airport,false,
5767,Venango Regional Airport,FKL,,,41.3778991699,-79.8603973389,,2017-12-31 14:34:27 +0100,2017-12-31 14:34:27 +0100,airport,false,
7210,Venetie Airport,VEE,,,67.0086975098,-146.365997314,,2017-12-31 14:36:39 +0100,2017-12-31 14:36:39 +0100,airport,false,
3916,Venice Marco Polo Airport,VCE,,,45.505299,12.3519,,2017-12-31 14:33:54 +0100,2017-12-31 14:33:54 +0100,airport,false,
7495,Venice Municipal Airport,VNC,,,27.071599960327,-82.440299987793,,2017-12-31 14:38:33 +0100,2017-12-31 14:38:33 +0100,airport,false,
6208,Ventspils International Airport,VTS,,,57.35779953,21.5442008972,,2017-12-31 14:34:33 +0100,2017-12-31 14:34:33 +0100,airport,false,
2959,Vermilion Airport,YVG,,,53.3558006287,-110.823997498,,2017-12-31 14:33:38 +0100,2017-12-31 14:33:38 +0100,airport,false,
7952,Vermilion Regional Airport,DNV,,,40.19919968,-87.59590149,,2017-12-31 14:41:40 +0100,2017-12-31 14:41:40 +0100,airport,false,
7182,Vernal Regional Airport,VEL,,,40.4408989,-109.5100021,,2017-12-31 14:36:39 +0100,2017-12-31 14:36:39 +0100,airport,false,
8233,Vernon Airport,YVE,,,50.2481002807617,-119.331001281738,,2017-12-31 14:41:44 +0100,2017-12-31 14:41:44 +0100,airport,false,
5436,Vero Beach Municipal Airport,VRB,,,27.655599594116,-80.417900085449,,2017-12-31 14:34:21 +0100,2017-12-31 14:34:21 +0100,airport,false,
3915,Verona Villafranca Airport,VRN,,,45.395699,10.8885,,2017-12-31 14:33:54 +0100,2017-12-31 14:33:54 +0100,airport,false,
2831,Vestmannaeyjar Airport,VEY,,,63.4243011474609,-20.2789001464844,,2017-12-31 14:33:36 +0100,2017-12-31 14:33:36 +0100,airport,false,
4495,Vicecomodoro Angel D. La Paz Aragonés Airport,SDE,,,-27.7655563354,-64.3099975586,,2017-12-31 14:34:05 +0100,2017-12-31 14:34:05 +0100,airport,false,
3913,Vicenza Airport,VIC,,,45.573399,11.5295,,2017-12-31 14:33:54 +0100,2017-12-31 14:33:54 +0100,airport,false,
3780,Vichy-Charmeil Airport,VHY,,,46.1697006225586,3.40373992919922,,2017-12-31 14:33:52 +0100,2017-12-31 14:33:52 +0100,airport,false,
8343,Victoria Airport,ZIC,,,-38.2456016540527,-72.3486022949219,,2017-12-31 14:42:48 +0100,2017-12-31 14:42:48 +0100,airport,false,
3534,Victoria Falls International Airport,VFA,,,-18.0958995819092,25.8390007019043,,2017-12-31 14:33:48 +0100,2017-12-31 14:33:48 +0100,airport,false,
5809,Victoria Harbour Seaplane Base,YWH,,,48.4249858939,-123.388867378,,2017-12-31 14:34:28 +0100,2017-12-31 14:34:28 +0100,airport,false,
2992,Victoria International Airport,YYJ,,,48.646900177,-123.426002502,,2017-12-31 14:33:39 +0100,2017-12-31 14:33:39 +0100,airport,false,
6366,Victoria Regional Airport,VCT,,,28.8526000976562,-96.9185028076172,,2017-12-31 14:34:37 +0100,2017-12-31 14:34:37 +0100,airport,false,
6856,Victoria River Downs Airport,VCD,,,-16.4021244049072,131.004974365234,,2017-12-31 14:36:34 +0100,2017-12-31 14:36:34 +0100,airport,false,
3948,Vienna International Airport,VIE,,,48.110298156738,16.569700241089,,2017-12-31 14:33:54 +0100,2017-12-31 14:33:54 +0100,airport,false,
7044,Vieques Airport,VQS,,,18.1158008575,-65.4226989746,,2017-12-31 14:36:37 +0100,2017-12-31 14:36:37 +0100,airport,false,
3728,Vigo Airport,VGO,,,42.2318000793457,-8.62677001953125,,2017-12-31 14:33:51 +0100,2017-12-31 14:33:51 +0100,airport,false,
4979,Vijayawada Airport,VGA,,,16.5303993225098,80.7967987060547,,2017-12-31 14:34:14 +0100,2017-12-31 14:34:14 +0100,airport,false,
3962,Vila Real Airport,VRL,,,41.274299621582,-7.72046995162964,,2017-12-31 14:33:54 +0100,2017-12-31 14:33:54 +0100,airport,false,
8163,Vila Rica Airport,VLP,,,-9.97944355010986,-51.1422233581543,,2017-12-31 14:41:43 +0100,2017-12-31 14:41:43 +0100,airport,false,
3524,Vilankulo Airport,VNX,,,-22.0184001922607,35.3133010864258,,2017-12-31 14:33:47 +0100,2017-12-31 14:33:47 +0100,airport,false,
3361,Vilhelmina Airport,VHM,,,64.5791015625,16.8335990905762,,2017-12-31 14:33:44 +0100,2017-12-31 14:33:44 +0100,airport,false,
7871,Villa Airport,VAM,,,3.47055555556,72.8358333333,,2017-12-31 14:41:39 +0100,2017-12-31 14:41:39 +0100,airport,false,
4500,Villa Dolores Airport,VDR,,,-31.9451999664,-65.1463012695,,2017-12-31 14:34:05 +0100,2017-12-31 14:34:05 +0100,airport,false,
7332,Villa Garzón Airport,VGZ,,,0.978767,-76.6056,,2017-12-31 14:36:43 +0100,2017-12-31 14:36:43 +0100,airport,false,
4530,Villa Gesell Airport,VLG,,,-37.2354,-57.0292,,2017-12-31 14:34:06 +0100,2017-12-31 14:34:06 +0100,airport,false,
3899,Villanova D'Albenga International Airport,ALL,,,44.050598,8.12743,,2017-12-31 14:33:54 +0100,2017-12-31 14:33:54 +0100,airport,false,
3760,Villefranche-Tarare Airport,XVF,,,45.919983,4.634931,,2017-12-31 14:33:52 +0100,2017-12-31 14:33:52 +0100,airport,false,
5684,Vilnius International Airport,VNO,,,54.6341018676758,25.2858009338379,,2017-12-31 14:34:26 +0100,2017-12-31 14:34:26 +0100,airport,false,
4150,Vilo Acuña International Airport,CYO,,,21.6165008545,-81.5459976196,,2017-12-31 14:33:58 +0100,2017-12-31 14:33:58 +0100,airport,false,
8354,Vilyuisk Airport,VYI,,,63.75666809082,121.69333648682,,2017-12-31 14:42:48 +0100,2017-12-31 14:42:48 +0100,airport,false,
7318,Vincent Fayks Airport,OEM,,,3.34527993202209,-55.4425010681152,,2017-12-31 14:36:42 +0100,2017-12-31 14:36:42 +0100,airport,false,
3889,Vincenzo Florio Airport Trapani-Birgi,TPS,,,37.9114,12.488,,2017-12-31 14:33:53 +0100,2017-12-31 14:33:53 +0100,airport,false,
6721,Vinh Airport,VII,,,18.7376003265,105.67099762,,2017-12-31 14:36:32 +0100,2017-12-31 14:36:32 +0100,airport,false,
7637,Vinnytsia/Gavyryshivka Airport,VIN,,,49.242531,28.613778,,2017-12-31 14:38:35 +0100,2017-12-31 14:38:35 +0100,airport,false,
4988,Vir Savarkar International Airport,IXZ,,,11.6412000656128,92.7296981811523,,2017-12-31 14:34:14 +0100,2017-12-31 14:34:14 +0100,airport,false,
6559,Virac Airport,VRC,,,13.5763998031616,124.206001281738,,2017-12-31 14:34:41 +0100,2017-12-31 14:34:41 +0100,airport,false,
4575,Viracopos International Airport,VCP,,,-23.0074005127,-47.1344985962,,2017-12-31 14:34:06 +0100,2017-12-31 14:34:06 +0100,airport,false,
8232,Virden/R.J. (Bob) Andrew Field Regional Aerodrome,YVD,,,49.8782997131,-100.917999268,,2017-12-31 14:41:44 +0100,2017-12-31 14:41:44 +0100,airport,false,
6614,Virgin Gorda Airport,VIJ,,,18.4463996887207,-64.4274978637695,,2017-12-31 14:36:30 +0100,2017-12-31 14:36:30 +0100,airport,false,
3420,Virginia Airport,VIR,,,-29.7705993652344,31.0583992004395,,2017-12-31 14:33:45 +0100,2017-12-31 14:33:45 +0100,airport,false,
4713,Viru Viru International Airport,VVI,,,-17.6448001861572,-63.1353988647461,,2017-12-31 14:34:08 +0100,2017-12-31 14:34:08 +0100,airport,false,
7215,Visalia Municipal Airport,VIS,,,36.3186988831,-119.392997742,,2017-12-31 14:36:40 +0100,2017-12-31 14:36:40 +0100,airport,false,
3373,Visby Airport,VBY,,,57.662799835205,18.346200942993,,2017-12-31 14:33:44 +0100,2017-12-31 14:33:44 +0100,airport,false,
4935,Vishakhapatnam Airport,VTZ,,,17.721200943,83.2245025635,,2017-12-31 14:34:13 +0100,2017-12-31 14:34:13 +0100,airport,false,
4841,Vitebsk Vostochny Airport,VTB,,,55.126499176025,30.349599838257,,2017-12-31 14:34:11 +0100,2017-12-31 14:34:11 +0100,airport,false,
3727,Vitoria/Foronda Airport,VIT,,,42.8828010559082,-2.72446990013123,,2017-12-31 14:33:51 +0100,2017-12-31 14:33:51 +0100,airport,false,
6575,Vitória da Conquista Airport,VDC,,,-14.8627996445,-40.8630981445,,2017-12-31 14:34:41 +0100,2017-12-31 14:34:41 +0100,airport,false,
4826,Vladivostok International Airport,VVO,,,43.398998260498,132.147994995117,,2017-12-31 14:34:11 +0100,2017-12-31 14:34:11 +0100,airport,false,
4874,Vnukovo International Airport,VKO,,,55.5914993286,37.2615013123,,2017-12-31 14:34:12 +0100,2017-12-31 14:34:12 +0100,airport,false,
3477,Vohimarina Airport,VOH,,,-13.3758001327515,50.002799987793,,2017-12-31 14:33:47 +0100,2017-12-31 14:33:47 +0100,airport,false,
8357,Volgodonsk Airport,VLK,,,47.6820983886719,42.0727996826172,,2017-12-31 14:42:48 +0100,2017-12-31 14:42:48 +0100,airport,false,
4856,Volgograd International Airport,VOG,,,48.7825012207031,44.3455009460449,,2017-12-31 14:34:12 +0100,2017-12-31 14:34:12 +0100,airport,false,
7158,Volk Field,VOK,,,43.938999176025,-90.253402709961,,2017-12-31 14:36:39 +0100,2017-12-31 14:36:39 +0100,airport,false,
7394,Vologda Airport,VGD,,,59.2825012207031,39.9444007873535,,2017-12-31 14:38:31 +0100,2017-12-31 14:38:31 +0100,airport,false,
6074,Vopnafjörður Airport,VPN,,,65.7205963134766,-14.8506002426147,,2017-12-31 14:34:32 +0100,2017-12-31 14:34:32 +0100,airport,false,
6686,Vorkuta Airport,VKT,,,67.4886016845703,63.9930992126465,,2017-12-31 14:36:31 +0100,2017-12-31 14:36:31 +0100,airport,false,
4873,Voronezh International Airport,VOZ,,,51.8142013549805,39.2295989990234,,2017-12-31 14:34:12 +0100,2017-12-31 14:34:12 +0100,airport,false,
3419,Vryburg Airport,VRU,,,-26.9824008942,24.7287998199,,2017-12-31 14:33:45 +0100,2017-12-31 14:33:45 +0100,airport,false,
6434,Vunisea Airport,KDV,,,-19.0580997467,178.156997681,,2017-12-31 14:34:39 +0100,2017-12-31 14:34:39 +0100,airport,false,
3934,Václav Havel Airport Prague,PRG,,,50.1008,14.26,,2017-12-31 14:33:54 +0100,2017-12-31 14:33:54 +0100,airport,false,
3350,Växjö Kronoberg Airport,VXO,,,56.9291000366211,14.7279996871948,,2017-12-31 14:33:44 +0100,2017-12-31 14:33:44 +0100,airport,false,
6198,Værøy Heliport,VRY,,,67.654555,12.727257,,2017-12-31 14:34:33 +0100,2017-12-31 14:34:33 +0100,airport,false,
7034,Walvis Bay Airport,WVB,,,-22.9799003601074,14.645299911499,,2017-12-31 14:36:36 +0100,2017-12-31 14:36:36 +0100,airport,false,
8200,Watsonville Municipal Airport,WVI,,,36.9356994629,-121.790000916,,2017-12-31 14:41:44 +0100,2017-12-31 14:41:44 +0100,airport,false,
5413,Waynesville-St. Robert Regional Forney field,TBN,,,37.74160004,-92.14070129,,2017-12-31 14:34:21 +0100,2017-12-31 14:34:21 +0100,airport,false,
5209,Wendover Airport,ENV,,,40.7187004089,-114.03099823,,2017-12-31 14:34:18 +0100,2017-12-31 14:34:18 +0100,airport,false,
7701,West Georgia Regional O V Gray Field,CTJ,,,33.6310005187988,-85.1520004272461,,2017-12-31 14:40:23 +0100,2017-12-31 14:40:23 +0100,airport,false,
5570,Westover ARB/Metropolitan Airport,CEF,,,42.19400024,-72.53479767,,2017-12-31 14:34:24 +0100,2017-12-31 14:34:24 +0100,airport,false,
3095,Wevelgem Airport,QKT,,,50.817199707,3.20472002029,,2017-12-31 14:33:41 +0100,2017-12-31 14:33:41 +0100,airport,true,
6148,Whale Cove Airport,YXN,,,62.2400016785,-92.5980987549,,2017-12-31 14:34:33 +0100,2017-12-31 14:34:33 +0100,airport,false,
5326,Whidbey Island Naval Air Station /Ault Field/ Airport,NUW,,,48.35179901,-122.6559982,,2017-12-31 14:34:19 +0100,2017-12-31 14:34:19 +0100,airport,false,
5202,Whiting Field Naval Air Station - North,NSE,,,30.7241993,-87.02189636,,2017-12-31 14:34:18 +0100,2017-12-31 14:34:18 +0100,airport,false,
7157,Whiting Field Naval Air Station South Airport,NDZ,,,30.7043991088867,-87.0230026245117,,2017-12-31 14:36:39 +0100,2017-12-31 14:36:39 +0100,airport,false,
3145,Wilhelmshaven-Mariensiel Airport,WVN,,,53.5022201538086,8.05222225189209,,2017-12-31 14:33:41 +0100,2017-12-31 14:33:41 +0100,airport,false,
7800,Wilkes Barre Wyoming Valley Airport,WBW,,,41.2971992493,-75.8511962891,,2017-12-31 14:41:38 +0100,2017-12-31 14:41:38 +0100,airport,false,
5546,Willow Grove Naval Air Station/Joint Reserve Base,NXX,,,40.19979858,-75.14820099,,2017-12-31 14:34:23 +0100,2017-12-31 14:34:23 +0100,airport,false,
7769,Winter Haven Municipal Airport - Gilbert Field,GIF,,,28.06290054,-81.75330353,,2017-12-31 14:41:37 +0100,2017-12-31 14:41:37 +0100,airport,false,
5985,Yampa Valley Airport,HDN,,,40.48120117,-107.2180023,,2017-12-31 14:34:30 +0100,2017-12-31 14:34:30 +0100,airport,false,
4824,Yelizovo Airport,PKC,,,53.1679000854492,158.453994750977,,2017-12-31 14:34:11 +0100,2017-12-31 14:34:11 +0100,airport,false,
6015,Yemelyanovo Airport,KJA,,,56.172901153564,92.493301391602,,2017-12-31 14:34:31 +0100,2017-12-31 14:34:31 +0100,airport,false,
7486,Yolo County Davis Woodland Winters Airport,DWA,,,38.57910156,-121.8570023,,2017-12-31 14:38:32 +0100,2017-12-31 14:38:32 +0100,airport,false,
8309,Zanesville Municipal Airport,ZZV,,,39.9444007874,-81.8920974731,,2017-12-31 14:42:48 +0100,2017-12-31 14:42:48 +0100,airport,false,
5686,Zvartnots International Airport,EVN,,,40.1473007202,44.3959007263,,2017-12-31 14:34:26 +0100,2017-12-31 14:34:26 +0100,airport,false,
3357,Örnsköldsvik Airport,OER,,,63.4082984924316,18.9899997711182,,2017-12-31 14:33:44 +0100,2017-12-31 14:33:44 +0100,airport,false,
